Comune;Vino;Atto;Gazzetta Ufficiale;Latitudine;Longitudine
Abano Terme;Colli Euganei, Colli Euganei Fior D Arancio, Prosecco;D. M. 22/12/2010;n. 4 del 07/01/2011;45.360542;11.7893806
Affi;Bardolino, Bardolino Superiore, Bardolino Superiore Classico;D. M. 08/11/2011;n. 274 del 24/11/2011;45.5529314;10.7787311
Agna;Bagnoli, Friularo di Bagnoli, Prosecco;D. M. 08/11/2011;n. 273 del 23/11/2011;45.1697474;11.9604008
Agordo;Prosecco;D. M. 15/10/2010;n. 263 del 10/11/2010;46.282317;12.03441
Agugliaro;Prosecco, Vicenza;D. M. 15/10/2010;n. 263 del 10/11/2010;45.3264259;11.5853333
Alano di Piave;Prosecco;D. M. 15/10/2010;n. 263 del 10/11/2010;45.9078316;11.9095441
Albaredo d Adige;Arcole;D. M. 02/11/2006;n. 267 del 16/11/2006;45.317903;11.2753029
Albettone;Colli Berici, Prosecco, Vicenza;D. M. 08/10/2009;n. 246 del 22/10/2009;45.3578148;11.5828148
Albignasego;Prosecco;D. M. 15/10/2010;n. 263 del 10/11/2010;45.3484444;11.8682962
Alleghe;Prosecco;D. M. 15/10/2010;n. 263 del 10/11/2010;46.407347;12.0253208
Alonte;Arcole, Colli Berici, Prosecco, Vicenza;D. M. 02/11/2006;n. 267 del 16/11/2006;45.3668888;11.4281296
Altavilla Vicentina;Colli Berici, Prosecco, Vicenza;D. M. 08/10/2009;n. 246 del 22/10/2009;45.511935;11.460371
Altissimo;Prosecco;D. M. 15/10/2010;n. 263 del 10/11/2010;45.6153968;11.2526787
Altivole;Prosecco, Venezia;D. M. 15/10/2010;n. 263 del 10/11/2010;45.7547037;11.9573703
Anguillara Veneta;Prosecco;D. M. 15/10/2010;n. 263 del 10/11/2010;45.1393886;11.8890378
Annone Veneto;Lison, Lison Classico, Lison-Pramaggiore, Prosecco, Venezia;D. M. 22/12/2010;n. 4 del 07/01/2011;45.794099;12.683527
Arcade;Piave, Piave Malanotte, Prosecco, Venezia;D. M. 22/12/2010;n. 4 del 07/01/2011;45.784537;12.2228333
Arcole;Arcole;D. M. 02/11/2006;n. 267 del 16/11/2006;45.3578333;11.2856481
Arcugnano;Colli Berici, Prosecco, Vicenza;D. M. 08/10/2009;n. 246 del 22/10/2009;45.4951612;11.5514699
Arqua Petrarca;Colli Euganei, Colli Euganei Fior D Arancio, Prosecco;D. M. 22/12/2010;n. 4 del 07/01/2011;45.2700515;11.7167922
Arre;Bagnoli, Friularo di Bagnoli, Prosecco;D. M. 08/11/2011;n. 273 del 23/11/2011;45.219074;11.9253333
Arsie;Prosecco;D. M. 15/10/2010;n. 263 del 10/11/2010;45.9839074;11.7593888
Arsiero;Prosecco;D. M. 15/10/2010;n. 263 del 10/11/2010;45.8039259;11.3553333
Arzergrande;Prosecco;D. M. 15/10/2010;n. 263 del 10/11/2010;45.2737592;12.0528333
Arzignano;Monti Lessini, Prosecco, Vicenza;D. M. 08/11/2011;n. 272 del 22/11/2011;45.5193876;11.339584
Asiago;Prosecco;D. M. 15/10/2010;n. 263 del 10/11/2010;45.8761111;11.5087777
Asigliano Veneto;Colli Berici, Prosecco, Vicenza;D. M. 08/10/2009;n. 246 del 22/10/2009;45.3056296;11.4475185
Asolo;Colli Asolani Prosecco, Montello - Colli Asolani, Montello Rosso, Prosecco, Venezia;D. M. 13/10/2011;n. 248 del 24/10/2011;45.7932962;11.9128333
Auronzo di Cadore;Prosecco;D. M. 15/10/2010;n. 263 del 10/11/2010;46.5512013;12.4432048
Azzano Decimo;Lison;D. M. 22/12/2010;n. 4 del 07/01/2011;45.881753;12.714705
Badia Calavena;Monti Lessini;D. M. 08/11/2011;n. 272 del 22/11/2011;45.5673518;11.1537777
Bagnoli di Sopra;Friularo di Bagnoli, Friularo di Bagnoli Classico, Prosecco;D. M. 08/11/2011;n. 276 del 26/11/2011;45.1886111;11.8859444
Baone;Colli Euganei, Colli Euganei Fior D Arancio, Prosecco;D. M. 22/12/2010;n. 4 del 07/01/2011;45.244537;11.6892407
Barbarano Vicentino;Colli Berici, Prosecco, Vicenza;D. M. 18/09/2000;n. 225 del 26/09/2000;45.4092849;11.542238
Barbona;Prosecco;D. M. 15/10/2010;n. 263 del 10/11/2010;45.1033706;11.7030524
Bardolino;Bardolino, Bardolino Superiore, Bardolino Superiore Classico;D. M. 08/11/2011;n. 274 del 24/11/2011;45.547558;10.7210038
Bassano del Grappa;Breganze, Prosecco, Vicenza;D. M. 01/08/2008;n. 196 del 22/08/2008;45.766608;11.7339608
Battaglia Terme;Bagnoli, Colli Euganei, Collie Euganei Fior D Arancio, Friularo di Bagnoli, Prosecco;D. M. 08/11/2011;n. 273 del 23/11/2011;45.2881296;11.7931296
Belfiore d'Adige;Arcole;D. M. 02/11/2006;n. 267 del 16/11/2006;45.3832962;11.2106481
Belluno;Prosecco;D. M. 15/10/2010;n. 263 del 10/11/2010;46.1399645;12.2175906
Bevilacqua;Merlara;D. M. 21/04/2007;n. 102 del 05/05/2009;45.2328333;11.3936111
Boara Pisani;Prosecco;D. M. 15/10/2010;n. 263 del 10/11/2010;45.1067229;11.783853
Bolzano Vicentino;Prosecco;D. M. 15/10/2010;n. 263 del 10/11/2010;45.6027979;11.623102
Borca di Cadore;Prosecco;D. M. 15/10/2010;n. 263 del 10/11/2010;46.4373518;12.2206296
Borgoricco;Prosecco, Riviera del Brenta;D. M. 15/10/2010;n. 263 del 10/11/2010;45.5362777;11.9422037
Borso del Grappa;Montello Rosso, Prosecco, Venezia;D. M. 15/10/2010;n. 263 del 10/11/2010;45.82077;11.796086
Boschi Sant Anna;Merlara;D. M. 21/04/2007;n. 102 del 05/05/2009;45.2187777;11.3573703
Bovolenta;Bagnoli, Friularo di Bagnoli, Prosecco;D. M. 08/11/2011;n. 273 del 23/11/2011;45.2720443;11.9370378
Breda di Piave;Piave, Piave Malanotte, Prosecco, Venezia;D. M. 22/12/2010;n. 4 del 07/01/2011;45.7248518;12.3337777
Breganze;Breganze, Prosecco, Vicenza;D. M. 01/08/2008;n. 196 del 22/08/2008;45.7080607;11.5647946
Brendola;Colli Berici, Prosecco, Vicenza;D. M. 08/10/2009;n. 246 del 22/10/2009;45.4724113;11.4461293
Brentino Belluno;Terradeiforti, Valdadige;D. M. 24/05/2010;n. 141 del 19*06/2010;45.6583447;10.8942082
Bressanvido;Prosecco;D. M. 15/10/2010;n. 263 del 10/11/2010;45.6442671;11.6314917
Brogliano;Monti Lessini, Prosecco, Vicenza;D. M. 08/11/2011;n. 272 del 22/11/2011;45.5890414;11.367053
Brugine;Prosecco;D. M. 15/10/2010;n. 263 del 10/11/2010;45.2975;11.9962777
Bussolengo;Bardolino, Bardolino Superiore, Bianco di Custoza;D. M. 08/11/2011;n. 274 del 24/11/2011;45.4745577;10.8464106
Cadoneghe;Prosecco, Riviera del Brenta;D. M. 15/10/2010;n. 263 del 10/11/2010;45.4481543;11.9092375
Caerano di San Marco;Colli Asolani Prosecco, Montello - Colli Asolani, Montello Rosso, Prosecco, Venezia;D. M. 13/10/2011;n. 248 del 24/10/2011;45.7862777;12.0039259
Calalzo di Cadore;Prosecco;D. M. 15/10/2010;n. 263 del 10/11/2010;46.447225;12.383618
Caldiero;Arcole, Recioto Soave, Soave, Soave Superiore;D. M. 02/11/2006;n. 267 del 16/11/2006;45.4153148;11.1784444
Caldogno;Prosecco;D. M. 15/10/2010;n. 263 del 10/11/2010;45.6087592;11.5039259
Caltrano;Prosecco, Vicenza;D. M. 15/10/2010;n. 263 del 10/11/2010;45.7743815;11.4530195
Calvene;Prosecco, Vicenza;D. M. 15/10/2010;n. 263 del 10/11/2010;45.7686559;11.5147115
Camisano Vicentino;Prosecco;D. M. 15/10/2010;n. 263 del 10/11/2010;45.518037;11.708508
Campagna Lupia;Prosecco, Riviera del Brenta, Venezia;D. M. 15/10/2010;n. 263 del 10/11/2010;45.355824;12.096281
Campiglia dei Berici;Colli Berici, Prosecco, Vicenza;D. M. 08/10/2009;n. 246 del 22/10/2009;45.3357962;11.5434444
Campo San Martino;Prosecco, Riviera del Brenta;D. M. 15/10/2010;n. 263 del 10/11/2010;45.5455848;11.8116286
Campodarsego;Prosecco, Riviera del Brenta;D. M. 15/10/2010;n. 263 del 10/11/2010;45.5026886;11.9075902
Campodoro;Prosecco;D. M. 15/10/2010;n. 263 del 10/11/2010;45.4912592;11.7531481
Campolongo Maggiore;Prosecco, Riviera del Brenta, Venezia;D. M. 15/10/2010;n. 263 del 10/11/2010;45.322842;12.0450839
Campolongo sul Brenta;Prosecco;D. M. 15/10/2010;n. 263 del 10/11/2010;45.8281481;11.7018888
Camponogara;Prosecco, Riviera del Brenta, Venezia;D. M. 15/10/2010;n. 263 del 10/11/2010;45.383409;12.072398
Camposampiero;Prosecco, Riviera del Brenta;D. M. 15/10/2010;n. 263 del 10/11/2010;45.5693888;11.9364074
Canale d Agordo;Prosecco;D. M. 15/10/2010;n. 263 del 10/11/2010;46.3570555;11.9145555
Candiana;Bagnoli, Friularo di Bagnoli, Prosecco;D. M. 08/11/2011;n. 273 del 23/11/2011;45.222037;11.9901666
Caorle;Lison, Lison-Pramaggiore, Prosecco, Venezia;D. M. 22/12/2010;n. 4 del 07/01/2011;45.5948518;12.8707962
Cappella Maggiore;Colli di Conegliano, Colli di Conegliano Torchiato di Fregona, Prosecco, Venezia;D. M. 15/10/2010;n. 263 del 10/11/2010;45.9781296;12.3423518
Caprino Veronese;Bardolino, Bardolino Superiore;D. M. 08/11/2011;n. 274 del 24/11/2011;45.6059629;10.7962592
Carbonera;Piave, Piave Malanotte, Prosecco, Venezia;D. M. 22/12/2010;n. 4 del 07/01/2011;45.684537;12.2854814
Carceri;Prosecco;D. M. 15/10/2010;n. 263 del 10/11/2010;45.197037;11.6203148
Carmignano di Brenta;Prosecco;D. M. 15/10/2010;n. 263 del 10/11/2010;45.630226;11.706972
Carre;Prosecco, Vicenza;D. M. 15/10/2010;n. 263 del 10/11/2010;45.7498703;11.4589259
Cartigliano;Prosecco, Vicenza;D. M. 15/10/2010;n. 263 del 10/11/2010;45.7139074;11.6967407
Cartura;Bagnoli, Friularo di Bagnoli, Prosecco;D. M. 08/11/2011;n. 273 del 23/11/2011;45.2693888;11.8578148
Casale di Scodosia;Merlara, Prosecco;D. M. 21/04/2007;n. 102 del 05/05/2009;45.1870555;11.4693888
Casale sul Sile;Piave, Piave Malanotte, Prosecco, Venezia;D. M. 22/12/2010;n. 4 del 07/01/2011;45.5989259;12.3243888
Casalserugo;Prosecco;D. M. 15/10/2010;n. 263 del 10/11/2010;45.3170494;11.9132984
Casier;Piave, Piave Malanotte, Prosecco, Venezia;D. M. 22/12/2010;n. 4 del 07/01/2011;45.64388;12.2957627
Cassola;Prosecco, Vicenza;D. M. 15/10/2010;n. 263 del 10/11/2010;45.732665;11.796291
Castegnero;Prosecco, Vicenza;D. M. 15/10/2010;n. 263 del 10/11/2010;45.4376803;11.6011179
Castelbaldo;Merlara, Prosecco;D. M. 21/04/2007;n. 102 del 05/05/2009;45.1233865;11.4592174
Castelcucco;Colli Asolani Prosecco, Montello - Colli Asolani, Montello Rosso, Prosecco, Venezia;D. M. 13/10/2011;n. 248 del 24/10/2011;45.8317407;11.8853333
Castelfranco Veneto;Prosecco, Venezia;D. M. 15/10/2010;n. 263 del 10/11/2010;45.6713166;11.9262274
Castelgnero;Colli Berici;D. M. 08/10/2009;n. 246 del 22/10/2009;45.4376803;11.6011179
Castelgomberto;Monti Lessini, Prosecco, Vicenza;D. M. 08/11/2011;n. 272 del 22/11/2011;45.5859629;11.3967222
Castellavazzo;Prosecco;D. M. 15/10/2010;n. 263 del 10/11/2010;46.2859629;12.3081481
Castello di Godego;Prosecco, Venezia;D. M. 15/10/2010;n. 263 del 10/11/2010;45.6943888;11.8779814
Castelnuovo del Garda;Bardolino, Bardolino Superiore, Bianco di Custoza;D. M. 08/11/2011;n. 274 del 24/11/2011;45.4396447;10.7640751
Cavaion Veronese;Bardolino, Bardolino Superiore, Bardolino Superiore Classico;D. M. 08/11/2011;n. 274 del 24/11/2011;45.539874;10.769303
Cavallino-Treporti;Prosecco, Venezia;D. M. 15/10/2010;n. 263 del 10/11/2010;45.3136111;12.2012592
Cavarzere;Prosecco, Venezia;D. M. 15/10/2010;n. 263 del 10/11/2010;45.1345079;12.0808623
Cavaso del Tomba;Colli Asolani Prosecco, Montello - Colli Asolani, Montello Rosso, Prosecco, Venezia;D. M. 13/10/2011;n. 248 del 24/10/2011;45.8617407;11.8995555
Cazzano di Tramigna;Amarone Valpolicella, Monti Lessini, Recioto Soave, Recioto Valpolicella, Soave, Soave Superiore, Valpolicella, Valpolicella Ripasso;D. M. 08/11/2011;n. 272 del 22/11/2011;45.473996;11.203152
Ceggia;Piave Malanotte, Prosecco, Venezia;D. M. 15/10/2010;n. 263 del 10/11/2010;45.6864259;12.6392407
Cencenighe Agordino;Prosecco;D. M. 15/10/2010;n. 263 del 10/11/2010;46.344074;11.9745555
Cerro Veronese;Amarone Valpolicella, Recioto Valpolicella, Valpolicella, Valpolicella Ripasso;D. M. 24/03/2010;n 85 del 13/04/2010;45.5754489;11.0426787
Cervarese Santa Croce;Colli Euganei, Colli Euganei Fior D Arancio, Prosecco;D. M. 22/12/2010;n. 4 del 07/01/2011;45.42448;11.686824
Cesiomaggiore;Prosecco;D. M. 15/10/2010;n. 263 del 10/11/2010;46.089074;11.9876666
Cessalto;Piave, Piave Malanotte, Prosecco, Venezia;D. M. 22/12/2010;n. 4 del 07/01/2011;45.714074;12.6154814
Chiampo;Monti Lessini, Prosecco, Vicenza;D. M. 08/11/2011;n. 272 del 22/11/2011;45.5468888;11.2806296
Chiarano;Piave, Piave Malanotte, Prosecco, Venezia;D. M. 22/12/2010;n. 4 del 07/01/2011;45.73;12.5837592
Chies d'Alpago;Prosecco;D. M. 15/10/2010;n. 263 del 10/11/2010;46.1745646;12.3865382
Chioggia;Prosecco, Venezia;D. M. 15/10/2010;n. 263 del 10/11/2010;45.2170993;12.2788154
Chions;Lison;D. M. 22/12/2010;n. 4 del 07/01/2011;45.8453333;12.7132962
Chiuppano;Prosecco, Vicenza;D. M. 15/10/2010;n. 263 del 10/11/2010;45.7648703;11.4628333
Cibiana di Cadore;Prosecco;D. M. 15/10/2010;n. 263 del 10/11/2010;46.3887592;12.286574
Cimadolmo;Piave, Piave Malanotte, Prosecco, Venezia;D. M. 22/12/2010;n. 4 del 07/01/2011;45.7845626;12.3640065
Cinto Caomaggiore;Lison, Lison Classico, Lison-Pramaggiore, Prosecco, Venezia;D. M. 22/12/2010;n. 4 del 07/01/2011;45.8300185;12.7836111
Cinto Euganeo;Colli Euganei, Colli Euganei Fior D Arancio, Prosecco;D. M. 22/12/2010;n. 4 del 07/01/2011;45.2757962;11.6628148
Cismon del Grappa;Prosecco;D. M. 15/10/2010;n. 263 del 10/11/2010;45.9204549;11.729454
Cison di Valmarino;Colli di Conegliano, Conegliano Valdobbiadene Prosecco, Prosecco, Venezia;D. M. 15/10/2010;n. 263 del 10/11/2010;45.9673703;12.1442407
Cittadella;Prosecco;D. M. 15/10/2010;n. 263 del 10/11/2010;45.6488343;11.7836356
Codevigo;Prosecco;D. M. 15/10/2010;n. 263 del 10/11/2010;45.2676666;12.0997037
Codogne;Piave, Piave Malanotte, Prosecco, Venezia;D. M. 22/12/2010;n. 4 del 07/01/2011;45.8702109;12.4308257
Cogollo del Cengio;Prosecco, Vicenza;D. M. 15/10/2010;n. 263 del 10/11/2010;45.7837957;11.4272728
Colle Santa Lucia;Prosecco;D. M. 15/10/2010;n. 263 del 10/11/2010;46.4495555;12.015
Colle Umberto;Colli di Conegliano, Conegliano Valdobbiadene Prosecco, Piave, Piave Malanotte, Prosecco, Venezia;D. M. 22/12/2010;n. 4 del 07/01/2011;45.9399657;12.3399807
Cologna Veneta;Arcole;D. M. 02/11/2006;n. 267 del 16/11/2006;45.3112592;11.3854814
Colognola ai Colli;Amarone Valpolicella, Arcole, Recioto Soave, Recioto Valpolicella, Soave, Soave Superiore, Valpolicella, Valpolicella Ripasso;D. M. 02/11/2006;n. 267 del 16/11/2006;45.4347037;11.1853148
Comelico Superiore;Prosecco;D. M. 15/10/2010;n. 263 del 10/11/2010;46.5906481;12.5154814
Cona;Prosecco, Venezia;D. M. 15/10/2010;n. 263 del 10/11/2010;45.1858744;12.0194535
Conco;Prosecco;D. M. 15/10/2010;n. 263 del 10/11/2010;45.8009444;11.6081296
Concordia Sagittaria;Lison, Lison-Pramaggiore, Prosecco, Venezia;D. M. 22/12/2010;n. 4 del 07/01/2011;45.756918;12.844317
Conegliano;Colli di Conegliano, Conegliano Valdobbiadene Prosecco, Piave, Piave Malanotte, Prosecco, Venezia;D. M. 22/12/2010;n. 4 del 07/01/2011;45.8881481;12.3050185
Conselve;Bagnoli, Friularo di Bagnoli, Prosecco;D. M. 08/11/2011;n. 273 del 23/11/2011;45.2318888;11.8748518
Cordignano;Colli di Conegliano, Piave, Piave Malanotte, Prosecco, Venezia;D. M. 22/12/2010;n. 4 del 07/01/2011;45.9528333;12.4148703
Cordovado;Lison;D. M. 22/12/2010;n. 4 del 07/01/2011;45.8432962;12.8834444
Cornedo Vicentino;Monti Lessini, Prosecco, Vicenza;D. M. 08/11/2011;n. 272 del 22/11/2011;45.614074;11.3417407
Cornuda;Colli Asolani Prosecco, Montello - Colli Asolani, Montello Rosso, Prosecco, Venezia;D. M. 13/10/2011;n. 248 del 24/10/2011;45.8317846;12.0080604
Correzzola;Prosecco;D. M. 15/10/2010;n. 263 del 10/11/2010;45.2362777;12.0687592
Cortina d Ampezzo;Prosecco;D. M. 15/10/2010;n. 263 del 10/11/2010;46.5373829;12.1389217
Costabissara;Monti Lessini, Prosecco, Vicenza;D. M. 08/11/2011;n. 272 del 22/11/2011;45.584537;11.4882962
Costermano;Bardolino, Bardolino Superiore, Bardolino Superiore Classico;D. M. 08/01/2011;n. 275 del 25/11/2011;45.5870638;10.7393507
Creazzo;Colli Berici, Prosecco, Vicenza;D. M. 08/10/2009;n. 246 del 22/10/2009;45.531491;11.4814139
Crespadoro;Prosecco;D. M. 15/10/2010;n. 263 del 10/11/2010;45.621823;11.2262338
Crespano del Grappa;Montello Rosso, Prosecco, Venezia;D. M. 15/10/2010;n. 263 del 10/11/2010;45.8264259;11.8348703
Crocetta del Montello;Colli Asolani Prosecco, Montello - Colli Asolani, Montello Rosso, Prosecco, Venezia;D. M. 13/10/2011;n. 248 del 24/10/2011;45.825576;12.035615
Curtarolo;Prosecco, Riviera del Brenta;D. M. 15/10/2010;n. 263 del 10/11/2010;45.522833;11.832399
Danta di Cadore;Prosecco;D. M. 15/10/2010;n. 263 del 10/11/2010;46.567059;12.5207966
Dolce;Amarone Valpolicella, Recioto Valpolicella, Terradeiforti, Valdadige, Valpolicella, Valpolicella Ripasso;D. M. 24/03/2010;n. 85 del 13/04/2010;45.6017407;10.8536111
Dolo;Prosecco, Riviera del Brenta, Venezia;D. M. 15/10/2010;n. 263 del 10/11/2010;45.4261815;12.0744548
Domegge di Cadore;Prosecco;D. M. 15/10/2010;n. 263 del 10/11/2010;46.4603333;12.4148518
Due Carrare;Bagnoli, Colli Euganei, Colli Euganei Fior D Arancio, Friularo di Bagnoli, Prosecco;D. M. 08/11/2011;n. 273 del 23/11/2011;45.2935978;11.8191407
Dueville;Prosecco, Vicenza;D. M. 15/10/2010;n. 263 del 10/11/2010;45.6364827;11.5493575
Enego;Prosecco;D. M. 15/10/2010;n. 263 del 10/11/2010;45.9425;11.706574
Eraclea;Piave Malanotte, Prosecco, Venezia;D. M. 15/10/2010;n. 263 del 10/11/2010;45.5785804;12.6781041
Este;Colli Euganei, Colli Euganei Fior D Arancio, Prosecco;D. M. 22/12/2010;n. 4 del 07/01/2011;45.2276375;11.6565594
Falcade;Prosecco;D. M. 15/10/2010;n. 263 del 10/11/2010;46.35398;11.8642173
Fara Vicentino;Breganze, Prosecco, Vicenza;D. M. 01/08/2008;n. 196 del 22/08/2008;45.7403354;11.5476577
Farra d'Alpago;Prosecco;D. M. 15/10/2010;n. 263 del 10/11/2010;46.1210362;12.3586702
Farra di Soligo;Colli di Conegliano, Conegliano Valdobbiadene Prosecco, Prosecco, Venezia;D. M. 14/09/2011;n. 231 del 04/10/2011;45.896331;12.094193
Feltre;Prosecco;D. M. 15/10/2010;n. 263 del 10/11/2010;46.0165245;11.9057269
Fiesso d Artico;Prosecco, Riviera del Brenta, Venezia;D. M. 15/10/2010;n. 263 del 10/11/2010;45.4175;12.0347037
Follina;Colli di Conegliano, Conegliano Valdobbiadene Prosecco, Prosecco, Venezia;D. M. 14/09/2011;n. 231 del 04/10/2011;45.9525;12.1206296
Fontanelle;Piave, Piave Malanotte, Prosecco, Venezia;D. M. 22/12/2010;n. 4 del 07/01/2011;45.8370555;12.4653333
Fontaniva;Prosecco;D. M. 15/10/2010;n. 263 del 10/11/2010;45.6350185;11.7497037
Fonte;Montello - Colli Asolani, Prosecco, Venezia;D. M. 13/10/2011;n. 248 del 24/10/2011;45.784921;11.872449
Fonte;Colli Asolani Prosecco, Montello Rosso;D. M. 04/02/2010;n. 39 del 17/02/2010;45.784921;11.872449
Fonzaso;Prosecco;D. M. 15/10/2010;n. 263 del 10/11/2010;46.0181296;11.8009629
Forno di Zoldo;Prosecco;D. M. 15/10/2010;n. 263 del 10/11/2010;46.3487592;12.1831481
Fossalta di Piave;Piave, Piave Malanotte, Prosecco, Venezia;D. M. 22/12/2010;n. 4 del 07/01/2011;45.643968;12.511848
Fossalta di Portogruaro;Lison, Lison-Pramaggiore, Prosecco, Venezia;D. M. 22/12/2010;n. 4 del 07/01/2011;45.792377;12.908636
Fosso;Prosecco, Riviera del Brenta, Venezia;D. M. 15/10/2010;n. 263 del 10/11/2010;45.3862777;12.0504814
Foza;Prosecco;D. M. 15/10/2010;n. 263 del 10/11/2010;45.896998;11.6308576
Fregona;Colli di Conegliano, Colli di Conegliano Torchiato di Fregona, Prosecco, Venezia;D. M. 14/09/2011;n. 231 del 04/10/2011;46.0043888;12.3412777
Fumane;Amarone Valpolicella, Amarone Valpolicella Classico, Recioto Valpolicella, Recioto Valpolicella Classico, Valpolicella, Valpolicella Ripasso;D. M. 24/03/2010;n. 85 del 13/04/2010;45.540603;10.88576
Gaiarine;Piave, Piave Malanotte, Prosecco, Venezia;D. M. 22/12/2010;n. 4 del 07/01/2011;45.879537;12.4809629
Galliera Veneta;Prosecco;D. M. 15/10/2010;n. 263 del 10/11/2010;45.664002;11.830471
Gallio;Prosecco;D. M. 15/10/2010;n. 263 del 10/11/2010;45.891426;11.542957
Galzignano Terme;Colli Euganei, Colli Euganei Fior D Arancio, Prosecco;D. M. 22/12/2010;n. 4 del 07/01/2011;45.3074851;11.7314141
Gambellara;Gambellara, Monti Lessini, Prosecco, Recioto di Gambellara, Vicenza;D. M. 20/09/2011;n. 235 del 08/10/2011;45.4607962;11.3412777
Gambugliano;Monti Lessini, Prosecco, Vicenza;D. M. 08/11/2011;n. 272 del 22/11/2011;45.5889074;11.4397037
Garda;Bardolino, Bardolino Superiore, Bardolino Superiore Classico;D. M. 08/11/2011;n. 274 del 24/11/2011;45.5746483;10.7077081
Gazzo;Prosecco;D. M. 15/10/2010;n. 263 del 10/11/2010;45.581574;11.7053333
Giavera del Montello;Colli Asolani Prosecco, Montello - Colli Asolani, Montello Rosso, Piave, Piave Malanotte, Prosecco, Venezia;D. M. 13/10/2011;n. 248 del 24/10/2011;45.7948518;12.169537
Godega di Sant Urbano;Piave, Piave Malanotte, Prosecco, Venezia;D. M. 15/10/2010;n. 263 del 10/11/2010;45.9307962;12.3992222
Gorgo al Monticano;Piave, Piave Malanotte, Prosecco, Venezia;D. M. 22/12/2010;n. 4 del 07/01/2011;45.7885424;12.5523691
Gosaldo;Prosecco;D. M. 15/10/2010;n. 263 del 10/11/2010;46.2221638;11.9550301
Grancona;Colli Berici, Prosecco, Vicenza;D. M. 08/10/2009;n. 246 del 22/10/2009;45.4232004;11.4528771
Grantorto;Prosecco;D. M. 15/10/2010;n. 263 del 10/11/2010;45.6018888;11.7326666
Granze;Prosecco;D. M. 15/10/2010;n. 263 del 10/11/2010;45.1575185;11.7157962
Grezzana;Amarone Valpolicella, Amarone Valpolicella Valpantena, Recioto Valpolicella, Recioto Valpolicella Valpantena, Valpolicella, Valpolicella Ripasso;D. M. 24/03/2010;n. 85 del 13/04/2010;45.519811;11.017175
Grisignano di Zocco;Prosecco;D. M. 15/10/2010;n. 263 del 10/11/2010;45.4759444;11.6993888
Gruaro;Lison, Lison-Pramaggiore, Prosecco, Venezia;D. M. 22/12/2010;n. 4 del 07/01/2011;45.8326666;12.8461111
Grumolo delle Abbadesse;Prosecco, Vicenza;D. M. 15/10/2010;n. 263 del 10/11/2010;45.5204814;11.6593888
Illasi;Amarone Valpolicella, Recioto Soave, Recioto Valpolicella, Soave, Soave Superiore, Valpolicella, Valpolicella Ripasso;D. M. 24/03/2010;n. 85 del 13/04/2010;45.4681296;11.1834444
Isola Vicentina;Monti Lessini, Prosecco, Vicenza;D. M. 08/11/2011;n. 272 del 22/11/2011;45.6292339;11.44372
Istrana;Prosecco, Venezia;D. M. 15/10/2010;n. 263 del 10/11/2010;45.6778333;12.1042407
Jesolo;Piave Malanotte, Prosecco, Venezia;D. M. 15/10/2010;n. 263 del 10/11/2010;45.5365852;12.6393309
La Valle Agordina;Prosecco;D. M. 15/10/2010;n. 263 del 10/11/2010;46.2814259;12.0661111
Laghi;Prosecco;D. M. 15/10/2010;n. 263 del 10/11/2010;45.824606;11.271959
Lamon;Prosecco;D. M. 15/10/2010;n. 263 del 10/11/2010;46.047583;11.749076
Lastebasse;Prosecco;D. M. 15/10/2010;n. 263 del 10/11/2010;45.915462;11.274659
Lavagno;Amarone Valpolicella, Arcole, Recioto Soave, Recioto Valpolicella, Soave, Soave Superiore, Valpolicella, Valpolicella Ripasso;D. M. 24/03/2010;n. 85 del 13/04/2010;45.4397037;11.1351666
Lazise;Bardolino, Bardolino Superiore, Bardolino Superiore Classico, Bianco di Custoza;D. M. 08/11/2011;n. 274 del 24/11/2011;45.5052821;10.7325905
Legnaro;Prosecco;D. M. 15/10/2010;n. 263 del 10/11/2010;45.3423299;11.966176
Lentiai;Prosecco;D. M. 15/10/2010;n. 263 del 10/11/2010;46.045;12.0204814
Limana;Prosecco;D. M. 15/10/2010;n. 263 del 10/11/2010;46.1037592;12.1873518
Limena;Prosecco, Riviera del Brenta;D. M. 15/10/2010;n. 263 del 10/11/2010;45.4732962;11.8448703
Livinallongo del Col di Lana;Prosecco;D. M. 15/10/2010;n. 263 del 10/11/2010;46.4816025;11.9553602
Longare;Colli Berici, Prosecco, Vicenza;D. M. 08/10/2009;n. 246 del 22/10/2009;45.4791115;11.6085084
Longarone;Prosecco;D. M. 15/10/2010;n. 263 del 10/11/2010;46.2665915;12.2999618
Lonigo;Arcole, Colli Berici, Prosecco, Vicenza;D. M. 02/11/2006;n. 267 del 16/11/2006;45.3880142;11.3881105
Loreggia;Prosecco, Riviera del Brenta;D. M. 15/10/2010;n. 263 del 10/11/2010;45.595;11.9462777
Lorenzago di Cadore;Prosecco;D. M. 15/10/2010;n. 263 del 10/11/2010;46.4806481;12.4604814
Loria;Prosecco, Venezia;D. M. 15/10/2010;n. 263 del 10/11/2010;45.7309444;11.8664074
Lozzo Atestino;Colli Euganei, Colli Euganei Fior D Arancio, Prosecco;D. M. 22/12/2010;n. 4 del 07/01/2011;45.287026;11.627716
Lozzo di Cadore;Prosecco;D. M. 15/10/2010;n. 263 del 10/11/2010;46.4859656;12.444622
Lugo di Vicenza;Breganze, Prosecco, Vicenza;D. M. 01/08/2008;n. 196 del 22/08/2008;45.7464074;11.5298703
Lusiana;Prosecco;D. M. 15/10/2010;n. 263 del 10/11/2010;45.7853188;11.5753777
Malo;Monti Lessini, Prosecco, Vicenza;D. M. 08/11/2011;n. 272 del 22/11/2011;45.6612592;11.4086111
Mansue;Piave, Piave Malanotte, Prosecco, Venezia;D. M. 22/12/2010;n. 4 del 07/01/2011;45.8232096;12.53547
Marano di Valpolicella;Amarone Valpolicella, Amarone Valpolicella Classico, Recioto Valpolicella, Recioto Valpolicella Classico;D. M. 24/03/2010;n. 85 del 13/04/2010;45.556093;10.915437
Marano Vicentino;Monti Lessini, Prosecco, Vicenza;D. M. 08/11/2011;n. 272 del 22/11/2011;45.694074;11.4284629
Marcon;Piave, Piave Malanotte, Prosecco, Venezia;D. M. 22/12/2010;n. 4 del 07/01/2011;45.5615912;12.2981034
Mareno di Piave;Piave, Piave Malanotte, Prosecco, Venezia;D. M. 22/12/2010;n. 4 del 07/01/2011;45.840879;12.35071
Marostica;Breganze, Prosecco, Vicenza;D. M. 01/08/2008;n. 196 del 22/08/2008;45.7446009;11.6554899
Martellago;Prosecco, Riviera del Brenta, Venezia;D. M. 15/10/2010;n. 263 del 10/11/2010;45.5460521;12.1602063
Maser;Colli Asolani Prosecco, Montello - Colli Asolani, Montello Rosso, Prosecco, Venezia;D. M. 13/10/2011;n. 248 del 24/10/2011;45.8084629;11.9761111
Masera di Padova;Prosecco;D. M. 15/10/2010;n. 263 del 10/11/2010;45.320228;11.8641901
Maserada sul Piave;Piave, Piave Malanotte, Prosecco, Venezia;D. M. 22/12/2010;n. 4 del 07/01/2011;45.749912;12.320028
Masi;Merlara, Prosecco;D. M. 21/04/2007;n. 102 del 05/05/2009;45.1098518;11.4903333
Mason Vicentino;Breganze, Prosecco, Vicenza;D. M. 01/08/2008;n. 196 del 22/08/2008;45.719537;11.6078148
Massanzago;Prosecco, Riviera del Brenta;D. M. 15/10/2010;n. 263 del 10/11/2010;45.5573703;12.0084629
Meduna di Livenza;Lison, Lison-Pramaggiore, Prosecco, Venezia;D. M. 22/12/2010;n. 4 del 07/01/2011;45.8068888;12.6148518
Megliadino San Fidenzio;Prosecco;D. M. 15/10/2010;n. 263 del 10/11/2010;45.2184629;11.517037
Megliadino San Vitale;Prosecco;D. M. 15/10/2010;n. 263 del 10/11/2010;45.1975185;11.527037
Mel;Prosecco;D. M. 15/10/2010;n. 263 del 10/11/2010;46.0645417;12.0881012
Meolo;Piave, Piave Malanotte, Prosecco, Venezia;D. M. 22/12/2010;n. 4 del 07/01/2011;45.620197;12.452579
Merlara;Merlara, Prosecco;D. M. 21/04/2007;n. 102 del 05/05/2009;45.1673518;11.4423518
Mestrino;Prosecco;D. M. 15/10/2010;n. 263 del 10/11/2010;45.4418888;11.761574
Mezzane di Sotto;Amarone Valpolicella, Recioto Soave, Recioto Valpolicella, Soave, Soave Superiore, Valpolicella, Valpolicella Ripasso;D. M. 24/03/2010;n. 85 del 13/04/2010;45.482329;11.1289612
Miane;Colli di Conegliano, Conegliano Valdobbiadene Prosecco, Prosecco, Venezia;D. M. 14/09/2011;n. 231 del 04/10/2011;45.9454624;12.096527
Mira;Prosecco, Riviera del Brenta, Venezia;D. M. 15/10/2010;n. 263 del 10/11/2010;45.4368092;12.1312599
Mirano;Prosecco, Riviera del Brenta, Venezia;D. M. 15/10/2010;n. 263 del 10/11/2010;45.4922312;12.1082797
Mogliano Veneto;Piave, Piave Malanotte, Prosecco, Venezia;D. M. 22/12/2010;n. 4 del 07/01/2011;45.5613413;12.2363309
Molvena;Breganze, Prosecco, Vicenza;D. M. 01/08/2008;n. 196 del 22/08/2008;45.7449453;11.614705
Monastier di Treviso;Piave, Piave Malanotte, Prosecco, Venezia;D. M. 22/12/2010;n. 4 del 07/01/2011;45.650872;12.435401
Monfumo;Colli Asolani Prosecco, Montello - Colli Asolani, Montello Rosso, Prosecco, Venezia;D. M. 13/10/2011;n. 248 del 24/10/2011;45.8310911;11.9202637
Monselice;Bagnoli, Colli Euganei, Colli Euganei Fior D Arancio, Friularo di Bagnoli, Prosecco;D. M. 08/11/2011;n. 273 del 23/11/2011;45.2395286;11.7503996
Montagnana;Merlara, Prosecco;D. M. 21/04/2007;n. 102 del 05/05/2009;45.2336096;11.4672416
Monte di Malo;Monti Lessini, Prosecco, Vicenza;D. M. 08/11/2011;n. 272 del 22/11/2011;45.6620555;11.3623518
Montebello Vicentino;Colli Berici, Monti Lessini, Prosecco, Recioto di Gambellara, Vicenza;D. M. 08/10/2009;n. 246 del 22/10/2009;45.4575185;11.384537
Montebelluna;Colli Asolani Prosecco, Montello - Colli Asolani, Montello Rosso, Piave, Piave Malanotte, Prosecco, Venezia;D. M. 13/10/2011;n. 248 del 24/10/2011;45.777547;12.0464467
Montecchia di Crosara;Amarone Valpolicella, Monti Lessini, Recioto Soave, Recioto Valpolicella, Soave, Soave Superiore, Valpolicella, Valpolicella Ripasso;D. M. 24/03/2010;n. 85 del 13/04/2010;45.4854814;11.2554814
Montecchio Maggiore;Colli Berici, Monti Lessini, Prosecco, Vicenza;D. M. 08/10/2009;n. 246 del 22/10/2009;45.504691;11.405833
Montecchio Precalcino;Breganze, Prosecco, Vicenza;D. M. 01/08/2008;n. 196 del 22/08/2008;45.6667407;11.5647037
Monteforte d Alpone;Arcole, Recioto Soave, Recioto Soave Classico, Soave, Soave Superiore, Soave Superiore Classico;D.M. 18/11/2010;n. 283 del 03/12/2010;45.4182962;11.2848703
Montegalda;Colli Berici, Prosecco, Vicenza;D. M. 08/10/2009;n. 246 del 22/10/2009;45.4470313;11.6761139
Montegaldella;Colli Berici, Prosecco, Vicenza;D. M. 08/10/2009;n. 246 del 22/10/2009;45.437037;11.6717407
Montegrotto Terme;Colli Euganei, Colli Euganei Fior D Arancio, Prosecco;D. M. 22/12/2010;n. 4 del 07/01/2011;45.3318641;11.7837949
Monteviale;Colli Berici, Prosecco, Vicenza;D. M. 08/10/2009;n. 246 del 22/10/2009;45.5614074;11.459074
Monticello Conte Otto;Prosecco;D. M. 15/10/2010;n. 263 del 10/11/2010;45.5942609;11.5848712
Montorso Vicentino;Monti Lessini, Prosecco, Recioto di Gambellara, Vicenza;D. M. 08/11/2011;n. 272 del 22/11/2011;45.4918888;11.3612592
Morgano;Prosecco, Venezia;D. M. 15/10/2010;n. 263 del 10/11/2010;45.6481871;12.1033133
Moriago della Battaglia;Prosecco, Venezia;D. M. 15/10/2010;n. 263 del 10/11/2010;45.8710423;12.0787482
Morsano al Tagliamento;Lison;D. M. 22/12/2010;n. 4 del 07/01/2011;45.8626666;12.9307962
Mossano;Colli Berici, Prosecco, Vicenza;D. M. 08/10/2009;n. 246 del 22/10/2009;45.4194534;11.5556874
Motta di Livenza;Lison, Lison-Pramaggiore, Piave, Piave Malanotte, Prosecco, Venezia;D. M. 22/12/2010;n. 4 del 07/01/2011;45.7775;12.6087592
Musile di Piave;Piave, Piave Malanotte, Prosecco, Venezia;D. M. 22/12/2010;n. 4 del 07/01/2011;45.6178148;12.565
Mussolente;Prosecco, Vicenza;D. M. 15/10/2010;n. 263 del 10/11/2010;45.7801666;11.8073703
Nanto;Colli Berici, Prosecco, Vicenza;D. M. 08/10/2009;n. 246 del 22/10/2009;45.4345797;11.5780289
Negrar;Amarone Valpolicella, Amarone Valpolicella Classico, Recioto Valpolicella, Recioto Valpolicella Classico, Valpolicella, Valpolicella Ripasso;D. M. 24/03/2010;n. 85 del 13/04/2010;45.5306253;10.9383009
Nervesa della Battaglia;Colli Asolani Prosecco, Montello - Colli Asolani, Montello Rosso, Piave, Piave Malanotte, Prosecco, Venezia;D. M. 13/10/2011;n. 248 del 24/10/2011;45.8231296;12.2059444
Noale;Prosecco, Riviera del Brenta, Venezia;D. M. 15/10/2010;n. 263 del 10/11/2010;45.5504814;12.0722037
Nogarole Vicentino;Monti Lessini, Prosecco, Vicenza;D. M. 08/11/2011;n. 272 del 22/11/2011;45.5611045;11.2897544
Nove;Prosecco, Vicenza;D. M. 15/10/2010;n. 263 del 10/11/2010;45.7231296;11.6787592
Noventa di Piave;Piave, Piave Malanotte, Prosecco, Venezia;D. M. 22/12/2010;n. 4 del 07/01/2011;45.6607962;12.5347037
Noventa Padovana;Prosecco, Riviera del Brenta;D. M. 15/10/2010;n. 263 del 10/11/2010;45.4153333;11.952037
Noventa Vicentina;Prosecco;D. M. 15/10/2010;n. 263 del 10/11/2010;45.290568;11.540067
Oderzo;Piave, Piave Malanotte, Prosecco, Venezia;D. M. 22/12/2010;n. 4 del 07/01/2011;45.7812715;12.493628
Orgiano;Arcole, Colli Berici, Prosecco, Vicenza;D. M. 02/11/2006;n. 267 del 16/11/2006;45.3489259;11.4642407
Ormelle;Piave, Piave Malanotte, Prosecco, Venezia;D. M. 22/12/2010;n. 4 del 07/01/2011;45.7803333;12.4231481
Orsago;Piave, Piave Malanotte, Prosecco, Venezia;D. M. 22/12/2010;n. 4 del 07/01/2011;45.930672;12.423573
Ospedaletto Euganeo;Prosecco;D. M. 15/10/2010;n. 263 del 10/11/2010;45.223188;11.611146
Ospitale di Cadore;Prosecco;D. M. 15/10/2010;n. 263 del 10/11/2010;46.3283109;12.3232381
Paderno del Grappa;Colli Asolani Prosecco, Montello - Colli Asolani, Montello Rosso, Prosecco, Venezia;D. M. 04/02/2010;n. 39 del 17/02/2010;45.8294031;11.8596419
Padova;Prosecco, Riviera del Brenta;D. M. 15/10/2010;n. 263 del 10/11/2010;45.4095683;11.8765886
Paese;Piave, Prosecco, Venezia;D. M. 22/12/2010;n. 4 del 07/01/2011;45.6776252;12.1563908
Paese;Piave Malanotte;D. M. 22/12/2010;n. 4 del 07/01/2011;45.6776252;12.1563908
Pastrengo;Bardolino, Bardolino Superiore, Bianco di Custoza;D. M. 08/11/2011;n. 274 del 24/11/2011;45.494074;10.8009629
Pedavena;Prosecco;D. M. 15/10/2010;n. 263 del 10/11/2010;46.039614;11.880379
Pedemonte;Prosecco;D. M. 15/10/2010;n. 263 del 10/11/2010;45.9087778;11.3071295
Pederobba;Colli Asolani Prosecco, Montello - Colli Asolani, Montello Rosso, Prosecco, Venezia;D. M. 13/10/2011;n. 248 del 24/10/2011;45.877998;11.954953
Perarolo di Cadore;Prosecco;D. M. 15/10/2010;n. 263 del 10/11/2010;46.3970697;12.355464
Pernumia;Bagnoli, Friularo di Bagnoli, Prosecco;D. M. 08/11/2011;n. 273 del 23/11/2011;45.2584268;11.7889653
Pescantina;Amarone Valpolicella, Recioto Valpolicella, Valpolicella, Valpolicella Ripasso;D. M. 24/03/2010;n 85 del 13/04/2010;45.4827249;10.8675485
Peschiera del Garda;Bardolino, Bardolino Superiore, Bianco di Custoza, Lugana;D. M. 08/11/2011;n. 279 del 30/11/2011;45.4393871;10.6920548
Piacenza d'Adige;Prosecco;D. M. 15/10/2010;n. 263 del 10/11/2010;45.1296696;11.5503639
Pianezze;Breganze, Prosecco, Vicenza;D. M. 01/08/2008;n. 196 del 22/08/2008;45.7407962;11.6279814
Pianiga;Prosecco, Riviera del Brenta, Venezia;D. M. 15/10/2010;n. 263 del 10/11/2010;45.456129;12.030934
Piazzola sul Brenta;Prosecco;D. M. 15/10/2010;n. 263 del 10/11/2010;45.5419832;11.786335
Pieve d'Alpago;Prosecco;D. M. 15/10/2010;n. 263 del 10/11/2010;46.1677522;12.3531863
Pieve di Cadore;Prosecco;D. M. 15/10/2010;n. 263 del 10/11/2010;46.4285225;12.3740656
Pieve di Soligo;Colli di Conegliano, Colli di Conegliano Refrontolo Passito, Conegliano Valdobbiadene Prosecco, Prosecco, Venezia;D. M. 14/09/2011;n. 231 del 04/10/2011;45.900022;12.171471
Piombino Dese;Prosecco;D. M. 15/10/2010;n. 263 del 10/11/2010;45.6067222;11.9979814
Piove di Sacco;Prosecco, Riviera del Brenta;D. M. 15/10/2010;n. 263 del 10/11/2010;45.2961677;12.034827
Piovene Rocchette;Prosecco, Vicenza;D. M. 15/10/2010;n. 263 del 10/11/2010;45.7586111;11.4359444
Poiana Maggiore;Prosecco, Vicenza;D. M. 15/10/2010;n. 263 del 10/11/2010;45.2914259;11.5036111
Polverara;Prosecco;D. M. 15/10/2010;n. 263 del 10/11/2010;45.3103148;11.957037
Ponso;Prosecco;D. M. 15/10/2010;n. 263 del 10/11/2010;45.1926194;11.5870697
Ponte di Piave;Piave, Piave Malanotte, Prosecco, Venezia;D. M. 22/12/2010;n. 4 del 07/01/2011;45.714745;12.464508
Ponte nelle Alpi;Prosecco;D. M. 15/10/2010;n. 263 del 10/11/2010;46.1831481;12.2792407
Ponte San Nicolo;Prosecco;D. M. 15/10/2010;n. 263 del 10/11/2010;45.3639863;11.9363944
Pontelongo;Prosecco;D. M. 15/10/2010;n. 263 del 10/11/2010;45.2481481;12.0257962
Ponzano Veneto;Piave, Piave Malanotte, Prosecco, Venezia;D. M. 22/12/2010;n. 4 del 07/01/2011;45.715701;12.2026929
Portobuffole;Piave, Piave Malanotte, Prosecco, Venezia;D. M. 22/12/2010;n. 4 del 07/01/2011;45.8562355;12.5377327
Portogruaro;Lison, Lison Classico, Lison-Pramaggiore, Prosecco, Venezia;D. M. 22/12/2010;n. 4 del 07/01/2011;45.7750301;12.8378287
Posina;Prosecco;D. M. 15/10/2010;n. 263 del 10/11/2010;45.7916795;11.2632067
Possagno;Colli Asolani Prosecco, Montello � Colli Asolani, Montello Rosso, Prosecco, Venezia;D. M. 04/02/2010;n. 39 del 17/02/2010;45.8534444;11.8742407
Pove del Grappa;Prosecco, Vicenza;D. M. 15/10/2010;n. 263 del 10/11/2010;45.7992407;11.7309444
Povegliano;Piave, Piave Malanotte, Prosecco, Venezia;D. M. 22/12/2010;n. 4 del 07/01/2011;45.761094;12.2037683
Pozzoleone;Prosecco;D. M. 15/10/2010;n. 263 del 10/11/2010;45.6489001;11.6792475
Pozzonovo;Prosecco;D. M. 15/10/2010;n. 263 del 10/11/2010;45.1973703;11.7928333
Pramaggiore;Lison, Lison Classico, Lison-Pramaggiore, Prosecco, Venezia;D. M. 22/12/2010;n. 4 del 07/01/2011;45.8153148;12.7372037
Pravisdomini;Lison;D. M. 22/12/2010;n. 4 del 07/01/2011;45.82;12.6931481
Preganziol;Piave, Piave Malanotte, Prosecco, Venezia;D. M. 22/12/2010;n. 4 del 07/01/2011;45.6022462;12.2351883
Pressana;Arcole;D. M. 02/11/2006;n. 267 del 16/11/2006;45.2854302;11.4051234
Puos d'Alpago;Prosecco;D. M. 15/10/2010;n. 263 del 10/11/2010;46.1359629;12.3484629
Quarto d Altino;Piave, Piave Malanotte, Prosecco, Venezia;D. M. 22/12/2010;n. 4 del 07/01/2011;45.5787777;12.3728333
Quero;Prosecco;D. M. 15/10/2010;n. 263 del 10/11/2010;45.921976;11.931723
Quinto di Treviso;Prosecco, Venezia;D. M. 15/10/2010;n. 263 del 10/11/2010;45.646012;12.167235
Quinto Vicentino;Prosecco, Vicenza;D. M. 15/10/2010;n. 263 del 10/11/2010;45.573336;11.626879
Recoaro Terme;Prosecco;D. M. 15/10/2010;n. 263 del 10/11/2010;45.7051666;11.2256481
Refrontolo;Colli di Conegliano, Colli di Conegliano Refrontolo Passito, Conegliano Valdobbiadene Prosecco, Prosecco, Venezia;D. M. 14/09/2011;n. 231 del 04/10/2011;45.9250185;12.2100185
Resana;Prosecco, Venezia;D. M. 15/10/2010;n. 263 del 10/11/2010;45.633612;11.955503
Revine Lago;Colli di Conegliano, Prosecco, Venezia;D. M. 15/10/2010;n. 263 del 10/11/2010;45.9914259;12.2287592
Riese Pio X;Prosecco, Venezia;D. M. 15/10/2010;n. 263 del 10/11/2010;45.7300185;11.92
Rivamonte Agordino;Prosecco;D. M. 15/10/2010;n. 263 del 10/11/2010;46.2539074;12.0239074
Rivoli Veronese;Bardolino Superiore, Terradeiforti, Valdadige;D. M. 24/05/2010;n. 141 del 19*06/2010;45.5715613;10.8119287
Roana;Prosecco;D. M. 15/10/2010;n. 263 del 10/11/2010;45.8759927;11.4631317
Rocca Pietore;Prosecco;D. M. 15/10/2010;n. 263 del 10/11/2010;46.4348518;11.9778148
Romano d Ezzelino;Prosecco, Vicenza;D. M. 15/10/2010;n. 263 del 10/11/2010;45.7962711;11.758312
Ronca;Monti Lessini, Recioto Soave, Soave, Soave Superiore;D. M. 08/11/2011;n. 272 del 22/11/2011;45.479073;11.289127
Roncade;Piave, Piave Malanotte, Prosecco, Venezia;D. M. 22/12/2010;n. 4 del 07/01/2011;45.6280609;12.374799
Rosa;Prosecco, Vicenza;D. M. 15/10/2010;n. 263 del 10/11/2010;45.727668;11.763215
Rossano Veneto;Prosecco, Vicenza;D. M. 15/10/2010;n. 263 del 10/11/2010;45.7067222;11.807037
Rotzo;Prosecco;D. M. 15/10/2010;n. 263 del 10/11/2010;45.8628148;11.3973703
Roveredo di Gua�;Arcole;D. M. 02/11/2006;n. 267 del 16/11/2006;45.274074;11.4453333
Rovolon;Colli Euganei, Colli Euganei Fior D Arancio, Prosecco;D. M. 22/12/2010;n. 4 del 07/01/2011;45.3653936;11.6623252
Rubano;Prosecco;D. M. 15/10/2010;n. 263 del 10/11/2010;45.4218888;11.8082962
Saccolongo;Prosecco;D. M. 15/10/2010;n. 263 del 10/11/2010;45.403815;11.74714
Salcedo;Breganze, Prosecco, Vicenza;D. M. 01/08/2008;n. 196 del 22/08/2008;45.7578827;11.5682402
Saletto;Prosecco;D. M. 15/10/2010;n. 263 del 10/11/2010;45.226028;11.532773
Salgareda;Piave, Piave Malanotte, Prosecco, Venezia;D. M. 22/12/2010;n. 4 del 07/01/2011;45.704485;12.492175
Salzano;Prosecco, Riviera del Brenta, Venezia;D. M. 15/10/2010;n. 263 del 10/11/2010;45.520931;12.1056333
San Biagio di Callalta;Piave, Piave Malanotte, Prosecco, Venezia;D. M. 22/12/2010;n. 4 del 07/01/2011;45.6854522;12.377217
San Bonifacio;Arcole, Soave;D. M. 02/11/2006;n. 267 del 16/11/2006;45.3962331;11.2702317
San Dona di Piave;Piave, Piave Malanotte, Prosecco, Venezia;D. M. 22/12/2010;n. 4 del 07/01/2011;45.6319754;12.5662747
San Fior;Colli di Conegliano, Piave, Piave Malanotte, Prosecco, Venezia;D. M. 22/12/2010;n. 4 del 07/01/2011;45.920953;12.357412
San Germano dei Berici;Colli Berici, Prosecco, Vicenza;D. M. 08/10/2009;n. 246 del 22/10/2009;45.4020182;11.4706939
San Giorgio delle Pertiche;Prosecco, Riviera del Brenta;D. M. 15/10/2010;n. 263 del 10/11/2010;45.540939;11.909437
San Giorgio in Bosco;Prosecco, Riviera del Brenta;D. M. 15/10/2010;n. 263 del 10/11/2010;45.59063;11.806621
San Giovanni Ilarione;Monti Lessini, Recioto Soave, Soave, Soave Superiore;D.M. 18/11/2010;n. 283 del 03/12/2010;45.521574;11.2373703
San Gregorio nelle Alpi;Prosecco;D. M. 15/10/2010;n. 263 del 10/11/2010;46.1048507;12.029358
San Martino Buon Albergo;Amarone Valpolicella, Arcole, Recioto Soave, Recioto Valpolicella, Soave, Soave Superiore, Valpolicella, Valpolicella Ripasso;D. M. 24/03/2010;n. 85 del 13/04/2010;45.4222409;11.0933924
San Martino di Lupari;Prosecco;D. M. 15/10/2010;n. 263 del 10/11/2010;45.6507462;11.8537002
San Mauro di Saline;Amarone Valpolicella, Recioto Valpolicella, Valpolicella, Valpolicella Ripasso;D. M. 24/03/2010;n. 85 del 13/04/2010;45.5654546;11.1128957
San Michele al Tagliamento;Lison, Lison-Pramaggiore, Prosecco, Venezia;D. M. 22/12/2010;n. 4 del 07/01/2011;45.7641516;12.9949504
San Nazario;Prosecco;D. M. 15/10/2010;n. 263 del 10/11/2010;45.8404814;11.6906296
San Nicolo di Comelico;Prosecco;D. M. 15/10/2010;n. 263 del 10/11/2010;46.5818801;12.5286103
San Pietro di Cadore;Prosecco;D. M. 15/10/2010;n. 263 del 10/11/2010;46.5769213;12.5926473
San Pietro di Feletto;Colli di Conegliano, Colli di Conegliano Refrontolo Passito, Conegliano Valdobbiadene Prosecco, Prosecco, Venezia;D. M. 14/09/2011;n. 231 del 04/10/2011;45.9163513;12.2507734
San Pietro in Cariano;Amarone Valpolicella, Amarone Valpolicella Classico, Recioto Valpolicella, Recioto Valpolicella Classico, Valpolicella, Valpolicella Ripasso;D. M. 24/03/2010;n. 85 del 13/04/2010;45.5212592;10.884074
San Pietro in Gu;Prosecco;D. M. 15/10/2010;n. 263 del 10/11/2010;45.611626;11.672566
San Pietro Mussolino;Prosecco;D. M. 15/10/2010;n. 263 del 10/11/2010;45.5864074;11.2597037
San Pietro Viminario;Bagnoli, Friularo di Bagnoli, Prosecco;D. M. 08/11/2011;n. 273 del 23/11/2011;45.2443888;11.8173518
San Polo di Piave;Piave, Piave Malanotte, Prosecco, Venezia;D. M. 22/12/2010;n. 4 del 07/01/2011;45.7925185;12.3943888
San Stino di Livenza;Lison, Lison Classico, Lison-Pramaggiore;D. M. 22/12/2010;n. 4 del 07/01/2011;45.7315843;12.6836963
San Tomaso Agordino;Prosecco;D. M. 15/10/2010;n. 263 del 10/11/2010;46.3817407;11.9754814
San Vendemiano;Colli di Conegliano, Conegliano Valdobbiadene Prosecco, Piave, Piave Malanotte, Prosecco, Venezia;D. M. 14/09/2011;n. 231 del 04/10/2011;45.8867406;12.3516602
San Vito di Cadore;Prosecco;D. M. 15/10/2010;n. 263 del 10/11/2010;46.4612777;12.2082962
San Vito di Leguzzano;Monti Lessini, Prosecco, Vicenza;D. M. 08/11/2011;n. 272 del 22/11/2011;45.689311;11.3737722
San Zenone degli Ezzelini;Colli Asolani Prosecco, Montello - Colli Asolani, Montello Rosso, Prosecco, Venezia;D. M. 13/10/2011;n. 248 del 24/10/2011;45.7814259;11.8382962
Sandrigo;Breganze, Prosecco, Vicenza;D. M. 01/08/2008;n. 196 del 22/08/2008;45.6606657;11.6031127
Sant Ambrogio di Valpolicella;Amarone Valpolicella, Amarone Valpolicella Classico, Recioto Valpolicella, Recioto Valpolicella Classico, Valpolicella, Valpolicella Ripasso;D. M. 24/03/2010;n. 85 del 13/04/2010;45.5218888;10.8373703
Sant Angelo di Piove di Sacco;Prosecco, Riviera del Brenta;D. M. 15/10/2010;n. 263 del 10/11/2010;45.347501;12.002186
Sant Elena;Prosecco;D. M. 15/10/2010;n. 263 del 10/11/2010;45.1872037;11.7128148
Sant Urbano;Prosecco;D. M. 15/10/2010;n. 263 del 10/11/2010;45.1281426;11.6478056
Santa Giustina;Prosecco;D. M. 15/10/2010;n. 263 del 10/11/2010;46.0835526;12.042891
Santa Giustina in Colle;Prosecco, Riviera del Brenta;D. M. 15/10/2010;n. 263 del 10/11/2010;45.5632826;11.9066793
Santa Lucia di Piave;Piave, Piave Malanotte, Prosecco, Venezia;D. M. 22/12/2010;n. 4 del 07/01/2011;45.845059;12.280807
Santa Margherita d Adige;Prosecco;D. M. 15/10/2010;n. 263 del 10/11/2010;45.213406;11.5553586
Santa Maria di Sala;Prosecco, Riviera del Brenta, Venezia;D. M. 15/10/2010;n. 263 del 10/11/2010;45.5044042;12.0350483
Santo Stefano di Cadore;Prosecco;D. M. 15/10/2010;n. 263 del 10/11/2010;46.5584629;12.5520555
Santo Stino di Livenza;Prosecco, Venezia;D. M. 15/10/2010;n. 263 del 10/11/2010;45.7315843;12.6836963
Santorso;Prosecco, Vicenza;D. M. 15/10/2010;n. 263 del 10/11/2010;45.7361111;11.3928148
Saonara;Prosecco, Riviera del Brenta;D. M. 15/10/2010;n. 263 del 10/11/2010;45.3662592;11.9859629
Sappada;Prosecco;D. M. 15/10/2010;n. 263 del 10/11/2010;46.5675;12.6853333
Sarcedo;Breganze, Prosecco, Vicenza;D. M. 01/08/2008;n. 196 del 22/08/2008;45.702776;11.5304227
Sarego;Arcole, Colli Berici, Prosecco, Vicenza;D. M. 02/11/2006;n. 267 del 16/11/2006;45.4074536;11.4050722
Sarmede;Colli di Conegliano, Colli di Conegliano Torchiato di Fregona, Prosecco, Venezia;D. M. 14/09/2011;n. 231 del 04/10/2011;45.9776666;12.3853333
Schiavon;Prosecco, Vicenza;D. M. 15/10/2010;n. 263 del 10/11/2010;45.6973703;11.6461111
Schio;Monti Lessini, Prosecco, Vicenza;D. M. 08/11/2011;n. 272 del 22/11/2011;45.7134629;11.3584444
Scorze;Prosecco, Riviera del Brenta, Venezia;D. M. 15/10/2010;n. 263 del 10/11/2010;45.5713997;12.107987
Sedico;Prosecco;D. M. 15/10/2010;n. 263 del 10/11/2010;46.1112624;12.0969587
Segusino;Prosecco, Venezia;D. M. 15/10/2010;n. 263 del 10/11/2010;45.9179814;11.9567407
Selva di Cadore;Prosecco;D. M. 15/10/2010;n. 263 del 10/11/2010;46.4510084;12.0386119
Selvazzano Dentro;Colli Euganei, Colli Euganei Fior D Arancio, Prosecco;D. M. 22/12/2010;n. 4 del 07/01/2011;45.3893676;11.7894607
Seren del Grappa;Prosecco;D. M. 15/10/2010;n. 263 del 10/11/2010;45.9887843;11.8427247
Sernaglia della Battaglia;Prosecco, Venezia;D. M. 15/10/2010;n. 263 del 10/11/2010;45.8754964;12.1316081
Sesto al Reghena;Lison;D. M. 22/12/2010;n. 4 del 07/01/2011;45.846604;12.815421
Silea;Piave, Piave Malanotte, Prosecco, Venezia;D. M. 22/12/2010;n. 4 del 07/01/2011;45.654671;12.296841
Soave;Arcole, Recioto Soave, Recioto Soave Classico, Soave, Soave Superiore, Soave Superiore Classico;D.M. 18/11/2010;n. 283 del 03/12/2010;45.422037;11.2476666
Solagna;Prosecco;D. M. 15/10/2010;n. 263 del 10/11/2010;45.8201666;11.7164074
Solesino;Prosecco;D. M. 15/10/2010;n. 263 del 10/11/2010;45.178717;11.74381
Sommacampagna;Bardolino, Bardolino Superiore, Bianco di Custoza;D. M. 08/11/2011;n. 274 del 24/11/2011;45.4074969;10.8410188
Sona;Bardolino, Bardolino Superiore, Bianco di Custoza;D. M. 08/11/2011;n. 274 del 24/11/2011;45.4344795;10.8323621
Sospirolo;Prosecco;D. M. 15/10/2010;n. 263 del 10/11/2010;46.1417407;12.072037
Sossano;Arcole, Colli Berici, Prosecco, Vicenza;D. M. 02/11/2006;n. 267 del 16/11/2006;45.3612592;11.5131481
Soverzene;Prosecco;D. M. 15/10/2010;n. 263 del 10/11/2010;46.204537;12.3042407
Sovizzo;Colli Berici, Prosecco, Vicenza;D. M. 08/10/2009;n. 246 del 22/10/2009;45.5276666;11.4472037
Sovramonte;Prosecco;D. M. 15/10/2010;n. 263 del 10/11/2010;46.059537;11.7876666
Spinea;Prosecco, Riviera del Brenta, Venezia;D. M. 15/10/2010;n. 263 del 10/11/2010;45.4903518;12.1681244
Spresiano;Piave, Piave Malanotte, Prosecco, Venezia;D. M. 22/12/2010;n. 4 del 07/01/2011;45.779459;12.256104
Stanghella;Prosecco;D. M. 15/10/2010;n. 263 del 10/11/2010;45.135311;11.757446
Stra;Prosecco, Riviera del Brenta, Venezia;D. M. 15/10/2010;n. 263 del 10/11/2010;45.406167;12.015217
Susegana;Colli di Conegliano, Conegliano Valdobbiadene Prosecco, Piave, Piave Malanotte, Prosecco, Venezia;D. M. 14/09/2011;n. 231 del 04/10/2011;45.851956;12.2507649
Taibon Agordino;Prosecco;D. M. 15/10/2010;n. 263 del 10/11/2010;46.302037;12.0107962
Tambre;Prosecco;D. M. 15/10/2010;n. 263 del 10/11/2010;46.1273703;12.4204814
Tarzo;Colli di Conegliano, Conegliano Valdobbiadene Prosecco, Prosecco, Venezia;D. M. 14/09/2011;n. 231 del 04/10/2011;45.9728333;12.234074
Teglio Veneto;Lison, Lison-Pramaggiore, Prosecco, Venezia;D. M. 22/12/2010;n. 4 del 07/01/2011;45.815401;12.884605
Teolo;Colli Euganei, Colli Euganei Fior D Arancio, Prosecco;D. M. 22/12/2010;n. 4 del 07/01/2011;45.3485285;11.6722939
Terrassa Padovana;Bagnoli, Friularo di Bagnoli, Prosecco;D. M. 08/11/2011;n. 273 del 23/11/2011;45.245;11.9037592
Terrazzo;Merlara;D. M. 21/04/2007;n. 102 del 05/05/2009;45.1742222;11.3945555
Tezze sul Brenta;Prosecco, Vicenza;D. M. 15/10/2010;n. 263 del 10/11/2010;45.6844897;11.7036109
Thiene;Prosecco, Vicenza;D. M. 15/10/2010;n. 263 del 10/11/2010;45.7098703;11.4806296
Tombolo;Prosecco;D. M. 15/10/2010;n. 263 del 10/11/2010;45.645468;11.8273309
Tonezza del Cimone;Prosecco;D. M. 15/10/2010;n. 263 del 10/11/2010;45.85555;11.347173
Torre di Mosto;Piave, Piave Malanotte, Prosecco, Venezia;D. M. 22/12/2010;n. 4 del 07/01/2011;45.6861111;12.7039074
Torrebelvicino;Prosecco;D. M. 15/10/2010;n. 263 del 10/11/2010;45.7178333;11.3206481
Torreglia;Colli Euganei, Colli Euganei Fior D Arancio, Prosecco;D. M. 22/12/2010;n. 4 del 07/01/2011;45.33541;11.731925
Torri del Benaco;Bardolino, Bardolino Superiore;D. M. 08/11/2011;n. 274 del 24/11/2011;45.6098059;10.6868823
Torri di Quartesolo;Prosecco, Vicenza;D. M. 15/10/2010;n. 263 del 10/11/2010;45.5230872;11.6096963
Trebaseleghe;Prosecco, Riviera del Brenta;D. M. 15/10/2010;n. 263 del 10/11/2010;45.5909617;12.0506298
Tregnago;Amarone Valpolicella, Monti Lessini, Recioto Valpolicella, Valpolicella, Valpolicella Ripasso;D. M. 08/11/2011;n. 272 del 22/11/2011;45.51452;11.164624
Trevignano;Piave, Piave Malanotte, Prosecco, Venezia;D. M. 22/12/2010;n. 4 del 07/01/2011;45.7433793;12.0927416
Treviso;Prosecco, Venezia;D. M. 15/10/2010;n. 263 del 10/11/2010;45.6662855;12.242072
Tribano;Bagnoli, Friularo di Bagnoli, Prosecco;D. M. 08/11/2011;n. 273 del 23/11/2011;45.208832;11.831091
Trichiana;Prosecco;D. M. 15/10/2010;n. 263 del 10/11/2010;46.0741224;12.1331794
Trissino;Monti Lessini, Prosecco, Vicenza;D. M. 08/11/2011;n. 272 del 22/11/2011;45.5622037;11.3728333
Urbana;Merlara, Prosecco;D. M. 21/04/2007;n. 102 del 05/05/2009;45.1937592;11.4459444
Valdagno;Prosecco;D. M. 15/10/2010;n. 263 del 10/11/2010;45.6501997;11.3009245
Valdastico;Prosecco;D. M. 15/10/2010;n. 263 del 10/11/2010;45.8876666;11.3626666
Valdobbiadene;Conegliano Valdobbiadene Prosecco, Conegliano Valdobbiadene Prosecco Superiore di Cartizze, Prosecco, Venezia;D.M. 20/09/2010;n. 232 del 04/10/2010;45.9013332;11.9954402
Valeggio sul Mincio;Bardolino, Bardolino Superiore, Bianco di Custoza;D. M. 08/11/2011;n. 274 del 24/11/2011;45.3539721;10.7364908
Vallada Agordina;Prosecco;D. M. 15/10/2010;n. 263 del 10/11/2010;46.3632397;11.934675
Valle di Cadore;Prosecco;D. M. 15/10/2010;n. 263 del 10/11/2010;46.4189259;12.3356296
Valli del Pasubio;Prosecco;D. M. 15/10/2010;n. 263 del 10/11/2010;45.7417222;11.2628333
Valstagna;Prosecco;D. M. 15/10/2010;n. 263 del 10/11/2010;45.855273;11.662358
Vas;Prosecco;D. M. 15/10/2010;n. 263 del 10/11/2010;45.9392005;11.9357197
Vazzola;Piave, Piave Malanotte, Prosecco, Venezia;D. M. 22/12/2010;n. 4 del 07/01/2011;45.8427961;12.3843074
Vedelago;Prosecco, Venezia;D. M. 15/10/2010;n. 263 del 10/11/2010;45.686604;12.017904
Veggiano;Prosecco;D. M. 15/10/2010;n. 263 del 10/11/2010;45.4481296;11.7139259
Velo d'Astico;Prosecco;D. M. 15/10/2010;n. 263 del 10/11/2010;45.7900493;11.366323
Venezia;Piave Malanotte, Prosecco, Riviera del Brenta, Venezia;D. M. 15/10/2010;n. 263 del 10/11/2010;45.4343363;12.3387844
Verona;Amarone Valpolicella, Amarone Valpolicella Valpantena, Recioto Valpolicella, Recioto Valpolicella Valpantena, Valpolicella, Valpolicella Ripasso;D. M. 24/03/2010;n. 85 del 13/04/2010;45.4420061;10.995485
Veronella;Arcole;D. M. 02/11/2006;n. 267 del 16/11/2006;45.3231335;11.3245387
Vescovana;Prosecco;D. M. 15/10/2010;n. 263 del 10/11/2010;45.136319;11.710785
Vestenanova;Monti Lessini;D. M. 08/11/2011;n. 272 del 22/11/2011;45.574537;11.229537
Vicenza;Colli Berici, Prosecco, Vicenza;D. M. 08/10/2009;n. 246 del 22/10/2009;45.5459053;11.540307
Vidor;Colli di Conegliano, Conegliano Valdobbiadene Prosecco, Prosecco, Venezia;D. M. 15/10/2010;n. 263 del 10/11/2010;45.8615074;12.0387297
Vighizzolo d'Este;Prosecco;D. M. 15/10/2010;n. 263 del 10/11/2010;45.1773703;11.6257962
Vigo di Cadore;Prosecco;D. M. 15/10/2010;n. 263 del 10/11/2010;46.4998468;12.4720762
Vigodarzere;Prosecco, Riviera del Brenta;D. M. 15/10/2010;n. 263 del 10/11/2010;45.4605183;11.8792907
Vigonovo;Prosecco, Riviera del Brenta, Venezia;D. M. 15/10/2010;n. 263 del 10/11/2010;45.3893895;12.0062515
Vigonza;Prosecco, Riviera del Brenta;D. M. 15/10/2010;n. 263 del 10/11/2010;45.431547;11.96704
Villa del Conte;Prosecco, Riviera del Brenta;D. M. 15/10/2010;n. 263 del 10/11/2010;45.583524;11.860396
Villa Estense;Prosecco;D. M. 15/10/2010;n. 263 del 10/11/2010;45.1725839;11.6675286
Villafranca di Verona;Bianco di Custoza;D. M. 08/11/2011;n. 279 del 30/11/2011;45.3506973;10.843318
Villafranca Padovana;Prosecco;D. M. 15/10/2010;n. 263 del 10/11/2010;45.4928148;11.794537
Villaga;Colli Berici, Prosecco, Vicenza;D. M. 08/10/2009;n. 246 del 22/10/2009;45.40336;11.5332522
Villanova di Camposampiero;Prosecco, Riviera del Brenta;D. M. 15/10/2010;n. 263 del 10/11/2010;45.4906233;11.9705166
Villaverla;Prosecco, Vicenza;D. M. 15/10/2010;n. 263 del 10/11/2010;45.6526666;11.4884629
Villorba;Piave, Piave Malanotte, Prosecco, Venezia;D. M. 22/12/2010;n. 4 del 07/01/2011;45.713668;12.2600845
Vittorio Veneto;Colli di Conegliano, Conegliano Valdobbiadene Prosecco, Piave, Piave Malanotte, Prosecco, Venezia;D. M. 22/12/2010;n. 4 del 07/01/2011;45.9798115;12.3033131
Vo;Colli Euganei, Colli Euganei Fior D Arancio, Prosecco;D. M. 22/12/2010;n. 4 del 07/01/2011;45.3292222;11.6425
Vodo Cadore;Prosecco;D. M. 15/10/2010;n. 263 del 10/11/2010;46.4184856;12.2477962
Volpago del Montello;Colli Asolani Prosecco, Montello - Colli Asolani, Montello Rosso, Piave, Piave Malanotte, Prosecco, Venezia;D. M. 13/10/2011;n. 248 del 24/10/2011;45.7782962;12.1154814
Voltago Agordino;Prosecco;D. M. 15/10/2010;n. 263 del 10/11/2010;46.2729814;12.0062592
Zane;Prosecco, Vicenza;D. M. 15/10/2010;n. 263 del 10/11/2010;45.721991;11.45639
Zenson di Piave;Piave, Piave Malanotte, Prosecco, Venezia;D. M. 22/12/2010;n. 4 del 07/01/2011;45.678236;12.489549
Zermeghedo;Monti Lessini, Prosecco, Recioto di Gambellara, Vicenza;D. M. 08/11/2011;n. 272 del 22/11/2011;45.4759514;11.3706459
Zero Branco;Prosecco, Venezia;D. M. 15/10/2010;n. 263 del 10/11/2010;45.6026666;12.1662592
Zevio;Arcole;D. M. 02/11/2006;n. 267 del 16/11/2006;45.3756072;11.1371919
Zimella;Arcole;D. M. 02/11/2006;n. 267 del 16/11/2006;45.3656644;11.3392991
Zoldo Alto;Prosecco;D. M. 15/10/2010;n. 263 del 10/11/2010;46.375741;12.125756
Zoppe di Cadore;Prosecco;D. M. 15/10/2010;n. 263 del 10/11/2010;46.3880131;12.1718612
Zovencedo;Colli Berici, Prosecco, Vicenza;D. M. 08/10/2009;n. 246 del 22/10/2009;45.4295555;11.5042222
Zugliano;Breganze, Prosecco, Vicenza;D. M. 01/08/2008;n. 196 del 22/08/2008;45.7307962;11.525
