"Comune";"Vino";"Atto";"Gazzetta Ufficiale";"Latitudine";"Longitudine";
"Arcole";"Arcole";"D. M. 02/11/2006";"n. 267 del 16/11/2006";"45.3578333";"11.2856481";
"Cologna Veneta";"Arcole";"D. M. 02/11/2006";"n. 267 del 16/11/2006";"45.3112592";"11.3854814";
"Albaredo d'Adige";"Arcole";"D. M. 02/11/2006";"n. 267 del 16/11/2006";"45.3179030";"11.2753029";
"Zimella";"Arcole";"D. M. 02/11/2006";"n. 267 del 16/11/2006";"45.3656644";"11.3392991";
"Veronella";"Arcole";"D. M. 02/11/2006";"n. 267 del 16/11/2006";"45.3231335";"11.3245387";
"Zevio";"Arcole";"D. M. 02/11/2006";"n. 267 del 16/11/2006";"45.3756072";"11.1371919";
"Belfiore d'Adige";"Arcole";"D. M. 02/11/2006";"n. 267 del 16/11/2006";"45.3832962";"11.2106481";
"Caldiero";"Arcole";"D. M. 02/11/2006";"n. 267 del 16/11/2006";"45.4153148";"11.1784444";
"San Bonifacio";"Arcole";"D. M. 02/11/2006";"n. 267 del 16/11/2006";"45.3962331";"11.2702317";
"Soave";"Arcole";"D. M. 02/11/2006";"n. 267 del 16/11/2006";"45.4220370";"11.2476666";
"Cologna ai Colli";"Arcole";"D. M. 02/11/2006";"n. 267 del 16/11/2006";"45.4347037";"11.1853148";
"Monteforte d'Alpone";"Arcole";"D. M. 02/11/2006";"n. 267 del 16/11/2006";"45.4182962";"11.2848703";
"Lavagno";"Arcole";"D. M. 02/11/2006";"n. 267 del 16/11/2006";"45.4397037";"11.1351666";
"Pressana";"Arcole";"D. M. 02/11/2006";"n. 267 del 16/11/2006";"45.2854302";"11.4051234";
"Roveredo di Guà";"Arcole";"D. M. 02/11/2006";"n. 267 del 16/11/2006";"45.2740740";"11.4453333";
"San Martino Buon Albergo";"Arcole";"D. M. 02/11/2006";"n. 267 del 16/11/2006";"45.4222409";"11.0933924";
"Lonigo";"Arcole";"D. M. 02/11/2006";"n. 267 del 16/11/2006";"45.3880142";"11.3881105";
"Sarego";"Arcole";"D. M. 02/11/2006";"n. 267 del 16/11/2006";"45.4074536";"11.4050722";
"Alonte";"Arcole";"D. M. 02/11/2006";"n. 267 del 16/11/2006";"45.3668888";"11.4281296";
"Orgiano";"Arcole";"D. M. 02/11/2006";"n. 267 del 16/11/2006";"45.3489259";"11.4642407";
"Sossano";"Arcole";"D. M. 02/11/2006";"n. 267 del 16/11/2006";"45.3612592";"11.5131481";
"Agna";"Bagnoli";"D. M. 08/11/2011";"n. 273 del 23/11/2011";"45.1697474";"11.9604008";
"Arre";"Bagnoli";"D. M. 08/11/2011";"n. 273 del 23/11/2011";"45.2190740";"11.9253333";
"Battaglia Terme";"Bagnoli";"D. M. 08/11/2011";"n. 273 del 23/11/2011";"45.2881296";"11.7931296";
"Bovolenta";"Bagnoli";"D. M. 08/11/2011";"n. 273 del 23/11/2011";"45.2720443";"11.9370378";
"Candiana";"Bagnoli";"D. M. 08/11/2011";"n. 273 del 23/11/2011";"45.2220370";"11.9901666";
"Due Carrare";"Bagnoli";"D. M. 08/11/2011";"n. 273 del 23/11/2011";"45.2935978";"11.8191407";
"Cartura";"Bagnoli";"D. M. 08/11/2011";"n. 273 del 23/11/2011";"45.2693888";"11.8578148";
"Conselve";"Bagnoli";"D. M. 08/11/2011";"n. 273 del 23/11/2011";"45.2318888";"11.8748518";
"Monselice";"Bagnoli";"D. M. 08/11/2011";"n. 273 del 23/11/2011";"45.2395286";"11.7503996";
"Pernumia";"Bagnoli";"D. M. 08/11/2011";"n. 273 del 23/11/2011";"45.2584268";"11.7889653";
"San Pietro Viminario";"Bagnoli";"D. M. 08/11/2011";"n. 273 del 23/11/2011";"45.2443888";"11.8173518";
"Terrassa Padovana";"Bagnoli";"D. M. 08/11/2011";"n. 273 del 23/11/2011";"45.2450000";"11.9037592";
"Tribano";"Bagnoli";"D. M. 08/11/2011";"n. 273 del 23/11/2011";"45.2088320";"11.8310910";
"Bardolino";"Bardolino";"D. M. 08/11/2011";"n. 274 del 24/11/2011";"45.5475580";"10.7210038";
"Garda";"Bardolino";"D. M. 08/11/2011";"n. 274 del 24/11/2011";"45.5746483";"10.7077081";
"Lazise";"Bardolino";"D. M. 08/11/2011";"n. 274 del 24/11/2011";"45.5052821";"10.7325905";
"Affi";"Bardolino";"D. M. 08/11/2011";"n. 274 del 24/11/2011";"45.5529314";"10.7787311";
"Costremano";"Bardolino";"D. M. 08/11/2011";"n. 274 del 24/11/2011";"45.5870638";"10.7393507";
"Cavaion Veronese";"Bardolino";"D. M. 08/11/2011";"n. 274 del 24/11/2011";"45.5398740";"10.7693030";
"Torri del Benaco";"Bardolino";"D. M. 08/11/2011";"n. 274 del 24/11/2011";"45.6098059";"10.6868823";
"Caprino";"Bardolino";"D. M. 08/11/2011";"n. 274 del 24/11/2011";"45.6059629";"10.7962592";
"Pastrengo";"Bardolino";"D. M. 08/11/2011";"n. 274 del 24/11/2011";"45.4940740";"10.8009629";
"Bussolengo";"Bardolino";"D. M. 08/11/2011";"n. 274 del 24/11/2011";"45.4745577";"10.8464106";
"Sona";"Bardolino";"D. M. 08/11/2011";"n. 274 del 24/11/2011";"45.4344795";"10.8323621";
"Sommacampagna";"Bardolino";"D. M. 08/11/2011";"n. 274 del 24/11/2011";"45.4074969";"10.8410188";
"Castelnuovo";"Bardolino";"D. M. 08/11/2011";"n. 274 del 24/11/2011";"45.4396447";"10.7640751";
"Peschiera";"Bardolino";"D. M. 08/11/2011";"n. 274 del 24/11/2011";"45.4393871";"10.6920548";
"Valeggio sul Mincio";"Bardolino";"D. M. 08/11/2011";"n. 274 del 24/11/2011";"45.3539721";"10.7364908";
"Sommacampagna";"Bianco di Custoza";"D. M. 08/11/2011";"n. 279 del 30/11/2011";"45.4074969";"10.8410188";
"Villafranca di Verona";"Bianco di Custoza";"D. M. 08/11/2011";"n. 279 del 30/11/2011";"45.3506973";"10.8433180";
"Valeggio sul Mincio";"Bianco di Custoza";"D. M. 08/11/2011";"n. 279 del 30/11/2011";"45.3539721";"10.7364908";
"Peschiera del Garda";"Bianco di Custoza";"D. M. 08/11/2011";"n. 279 del 30/11/2011";"45.4393871";"10.6920548";
"Lazise";"Bianco di Custoza";"D. M. 08/11/2011";"n. 279 del 30/11/2011";"45.5052821";"10.7325905";
"Castelnuovo del Garda";"Bianco di Custoza";"D. M. 08/11/2011";"n. 279 del 30/11/2011";"45.4396447";"10.7640751";
"Pastrengo";"Bianco di Custoza";"D. M. 08/11/2011";"n. 279 del 30/11/2011";"45.4940740";"10.8009629";
"Bussolengo";"Bianco di Custoza";"D. M. 08/11/2011";"n. 279 del 30/11/2011";"45.4745577";"10.8464106";
"Sona";"Bianco di Custoza";"D. M. 08/11/2011";"n. 279 del 30/11/2011";"45.4344795";"10.8323621";
"Breganze";"Breganze";"D. M. 01/08/2008";"n. 196 del 22/08/2008";"45.7080607";"11.5647946";
"Fara Vicentino";"Breganze";"D. M. 01/08/2008";"n. 196 del 22/08/2008";"45.7403354";"11.5476577";
"Mason Vicentino";"Breganze";"D. M. 01/08/2008";"n. 196 del 22/08/2008";"45.7195370";"11.6078148";
"Molvena";"Breganze";"D. M. 01/08/2008";"n. 196 del 22/08/2008";"45.7449453";"11.6147050";
"Bassano del Grappa";"Breganze";"D. M. 01/08/2008";"n. 196 del 22/08/2008";"45.7666080";"11.7339608";
"Lugo di Vicenza";"Breganze";"D. M. 01/08/2008";"n. 196 del 22/08/2008";"45.7464074";"11.5298703";
"Marostica";"Breganze";"D. M. 01/08/2008";"n. 196 del 22/08/2008";"45.7446009";"11.6554899";
"Montecchio Precalcino";"Breganze";"D. M. 01/08/2008";"n. 196 del 22/08/2008";"45.6667407";"11.5647037";
"Pianezze";"Breganze";"D. M. 01/08/2008";"n. 196 del 22/08/2008";"45.7407962";"11.6279814";
"Salcedo";"Breganze";"D. M. 01/08/2008";"n. 196 del 22/08/2008";"45.7578827";"11.5682402";
"Sandrigo";"Breganze";"D. M. 01/08/2008";"n. 196 del 22/08/2008";"45.6606657";"11.6031127";
"Sarcedo";"Breganze";"D. M. 01/08/2008";"n. 196 del 22/08/2008";"45.7027760";"11.5304227";
"Zugliano";"Breganze";"D. M. 01/08/2008";"n. 196 del 22/08/2008";"45.7307962";"11.5250000";
"Albettone";"Colli Berici";"D. M. 08/10/2009";"n. 246 del 22/10/2009";"45.3578148";"11.5828148";
"Alonte";"Colli Berici";"D. M. 08/10/2009";"n. 246 del 22/10/2009";"45.3668888";"11.4281296";
"Altavilla";"Colli Berici";"D. M. 08/10/2009";"n. 246 del 22/10/2009";"45.5119350";"11.4603710";
"Arcugnano";"Colli Berici";"D. M. 08/10/2009";"n. 246 del 22/10/2009";"45.4951612";"11.5514699";
"Barbarano Vicentino";"Colli Berici";"D. M. 08/10/2009";"n. 246 del 22/10/2009";"45.4092849";"11.5422380";
"Brendola";"Colli Berici";"D. M. 08/10/2009";"n. 246 del 22/10/2009";"45.4724113";"11.4461293";
"Castelgnero";"Colli Berici";"D. M. 08/10/2009";"n. 246 del 22/10/2009";"45.4376803";"11.6011179";
"Grancona";"Colli Berici";"D. M. 08/10/2009";"n. 246 del 22/10/2009";"45.4232004";"11.4528771";
"Mossano";"Colli Berici";"D. M. 08/10/2009";"n. 246 del 22/10/2009";"45.4194534";"11.5556874";
"Nanto";"Colli Berici";"D. M. 08/10/2009";"n. 246 del 22/10/2009";"45.4345797";"11.5780289";
"Orgiano";"Colli Berici";"D. M. 08/10/2009";"n. 246 del 22/10/2009";"45.3489259";"11.4642407";
"San Germano dei Berici";"Colli Berici";"D. M. 08/10/2009";"n. 246 del 22/10/2009";"45.4020182";"11.4706939";
"Sovizzo";"Colli Berici";"D. M. 08/10/2009";"n. 246 del 22/10/2009";"45.5276666";"11.4472037";
"Villaga";"Colli Berici";"D. M. 08/10/2009";"n. 246 del 22/10/2009";"45.4033600";"11.5332522";
"Zovencedo";"Colli Berici";"D. M. 08/10/2009";"n. 246 del 22/10/2009";"45.4295555";"11.5042222";
"Asigliano Veneto";"Colli Berici";"D. M. 08/10/2009";"n. 246 del 22/10/2009";"45.3056296";"11.4475185";
"Campiglia dei Berici";"Colli Berici";"D. M. 08/10/2009";"n. 246 del 22/10/2009";"45.3357962";"11.5434444";
"Creazzo";"Colli Berici";"D. M. 08/10/2009";"n. 246 del 22/10/2009";"45.5314910";"11.4814139";
"Longare";"Colli Berici";"D. M. 08/10/2009";"n. 246 del 22/10/2009";"45.4791115";"11.6085084";
"Lonigo";"Colli Berici";"D. M. 08/10/2009";"n. 246 del 22/10/2009";"45.3880142";"11.3881105";
"Montebello Vicentino";"Colli Berici";"D. M. 08/10/2009";"n. 246 del 22/10/2009";"45.4575185";"11.3845370";
"Montecchio Maggiore";"Colli Berici";"D. M. 08/10/2009";"n. 246 del 22/10/2009";"45.5046910";"11.4058330";
"Montegalda";"Colli Berici";"D. M. 08/10/2009";"n. 246 del 22/10/2009";"45.4470313";"11.6761139";
"Montegaldella";"Colli Berici";"D. M. 08/10/2009";"n. 246 del 22/10/2009";"45.4370370";"11.6717407";
"Monteviale";"Colli Berici";"D. M. 08/10/2009";"n. 246 del 22/10/2009";"45.5614074";"11.4590740";
"Sarego";"Colli Berici";"D. M. 08/10/2009";"n. 246 del 22/10/2009";"45.4074536";"11.4050722";
"Sossano";"Colli Berici";"D. M. 08/10/2009";"n. 246 del 22/10/2009";"45.3612592";"11.5131481";
"Vicenza";"Colli Berici";"D. M. 08/10/2009";"n. 246 del 22/10/2009";"45.5459053";"11.5403070";
"Arquà Petrarca";"Colli Euganei";"D. M. 22/12/2010";"n. 4 del 07/01/2011";"45.2700515";"11.7167922";
"Galzignano Terme";"Colli Euganei";"D. M. 22/12/2010";"n. 4 del 07/01/2011";"45.3074851";"11.7314141";
"Torreglia";"Colli Euganei";"D. M. 22/12/2010";"n. 4 del 07/01/2011";"45.3354100";"11.7319250";
"Abano Terme";"Colli Euganei";"D. M. 22/12/2010";"n. 4 del 07/01/2011";"45.3605420";"11.7893806";
"Montegrotto Terme";"Colli Euganei";"D. M. 22/12/2010";"n. 4 del 07/01/2011";"45.3318641";"11.7837949";
"Battaglia Terme";"Colli Euganei";"D. M. 22/12/2010";"n. 4 del 07/01/2011";"45.2881296";"11.7931296";
"Due Carrare";"Colli Euganei";"D. M. 22/12/2010";"n. 4 del 07/01/2011";"45.2935978";"11.8191407";
"Monselice";"Colli Euganei";"D. M. 22/12/2010";"n. 4 del 07/01/2011";"45.2395286";"11.7503996";
"Baone";"Colli Euganei";"D. M. 22/12/2010";"n. 4 del 07/01/2011";"45.2445370";"11.6892407";
"Este";"Colli Euganei";"D. M. 22/12/2010";"n. 4 del 07/01/2011";"45.2276375";"11.6565594";
"Cinto Euganeo";"Colli Euganei";"D. M. 22/12/2010";"n. 4 del 07/01/2011";"45.2757962";"11.6628148";
"Lozzo Atestino";"Colli Euganei";"D. M. 22/12/2010";"n. 4 del 07/01/2011";"45.2870260";"11.6277160";
"Vo'";"Colli Euganei";"D. M. 22/12/2010";"n. 4 del 07/01/2011";"45.3292222";"11.6425000";
"Rovolon";"Colli Euganei";"D. M. 22/12/2010";"n. 4 del 07/01/2011";"45.3653936";"11.6623252";
"Cervarese Santa Croce";"Colli Euganei";"D. M. 22/12/2010";"n. 4 del 07/01/2011";"45.4244800";"11.6868240";
"Teolo";"Colli Euganei";"D. M. 22/12/2010";"n. 4 del 07/01/2011";"45.3485285";"11.6722939";
"Selvazzano Dentro";"Colli Euganei";"D. M. 22/12/2010";"n. 4 del 07/01/2011";"45.3893676";"11.7894607";
"Gambellara";"Gambellara";"D. M. 20/09/2011";"n. 235 del 08/10/2011";"45.4607962";"11.3412777";
"Meduna di Livenza";"Lison-Pramaggiore";"D. M. 22/12/2010";"n. 4 del 07/01/2011";"45.8068888";"12.6148518";
"Motta di Livenza";"Lison-Pramaggiore";"D. M. 22/12/2010";"n. 4 del 07/01/2011";"45.7775000";"12.6087592";
"Annone Veneto";"Lison-Pramaggiore";"D. M. 22/12/2010";"n. 4 del 07/01/2011";"45.7940990";"12.6835270";
"Cinto Caomaggiore";"Lison-Pramaggiore";"D. M. 22/12/2010";"n. 4 del 07/01/2011";"45.8300185";"12.7836111";
"Gruaro";"Lison-Pramaggiore";"D. M. 22/12/2010";"n. 4 del 07/01/2011";"45.8326666";"12.8461111";
"Fossalta di Portogruaro";"Lison-Pramaggiore";"D. M. 22/12/2010";"n. 4 del 07/01/2011";"45.7923770";"12.9086360";
"Pramaggiore";"Lison-Pramaggiore";"D. M. 22/12/2010";"n. 4 del 07/01/2011";"45.8153148";"12.7372037";
"Teglio Veneto";"Lison-Pramaggiore";"D. M. 22/12/2010";"n. 4 del 07/01/2011";"45.8154010";"12.8846050";
"Caorle";"Lison-Pramaggiore";"D. M. 22/12/2010";"n. 4 del 07/01/2011";"45.5948518";"12.8707962";
"Concordia Sagittaria";"Lison-Pramaggiore";"D. M. 22/12/2010";"n. 4 del 07/01/2011";"45.7569180";"12.8443170";
"Portogruaro";"Lison-Pramaggiore";"D. M. 22/12/2010";"n. 4 del 07/01/2011";"45.7750301";"12.8378287";
"San Michele al Tagliamento";"Lison-Pramaggiore";"D. M. 22/12/2010";"n. 4 del 07/01/2011";"45.7641516";"12.9949504";
"San Stino di Livenza";"Lison-Pramaggiore";"D. M. 22/12/2010";"n. 4 del 07/01/2011";"45.7315843";"12.6836963";
"Peschiera del Garda";"Lugana";"D. M. 02/05/2011";"n. 120 del 25/05/2011";"45.4393871";"10.6920548";
"Masi";"Merlara";"D. M. 21/04/2007";"n. 102 del 05/05/2009";"45.1098518";"11.4903333";
"Castelbaldo";"Merlara";"D. M. 21/04/2007";"n. 102 del 05/05/2009";"45.1233865";"11.4592174";
"Merlara";"Merlara";"D. M. 21/04/2007";"n. 102 del 05/05/2009";"45.1673518";"11.4423518";
"Urbana";"Merlara";"D. M. 21/04/2007";"n. 102 del 05/05/2009";"45.1937592";"11.4459444";
"Casale di Scodosia";"Merlara";"D. M. 21/04/2007";"n. 102 del 05/05/2009";"45.1870555";"11.4693888";
"Terrazzo";"Merlara";"D. M. 21/04/2007";"n. 102 del 05/05/2009";"45.1742222";"11.3945555";
"Bevilacqua";"Merlara";"D. M. 21/04/2007";"n. 102 del 05/05/2009";"45.2328333";"11.3936111";
"Boschi Sant'Anna";"Merlara";"D. M. 21/04/2007";"n. 102 del 05/05/2009";"45.2187777";"11.3573703";
"Montagnana";"Merlara";"D. M. 21/04/2007";"n. 102 del 05/05/2009";"45.2336096";"11.4672416";
"Castelcucco";"Montello - Colli Asolani";"D. M. 13/10/2011";"n. 248 del 24/10/2011";"45.8317407";"11.8853333";
"Cornuda";"Montello - Colli Asolani";"D. M. 13/10/2011";"n. 248 del 24/10/2011";"45.8317846";"12.0080604";
"Monfumo";"Montello - Colli Asolani";"D. M. 13/10/2011";"n. 248 del 24/10/2011";"45.8310911";"11.9202637";
"Asolo";"Montello - Colli Asolani";"D. M. 13/10/2011";"n. 248 del 24/10/2011";"45.7932962";"11.9128333";
"Caerano di San Marco";"Montello - Colli Asolani";"D. M. 13/10/2011";"n. 248 del 24/10/2011";"45.7862777";"12.0039259";
"Cavaso del Tomba";"Montello - Colli Asolani";"D. M. 13/10/2011";"n. 248 del 24/10/2011";"45.8617407";"11.8995555";
"Crocetta del Montello";"Montello - Colli Asolani";"D. M. 13/10/2011";"n. 248 del 24/10/2011";"45.8255760";"12.0356150";
"Fonte";"Montello - Colli Asolani";"D. M. 13/10/2011";"n. 248 del 24/10/2011";"45.7849210";"11.8724490";
"Giavera del Montello";"Montello - Colli Asolani";"D. M. 13/10/2011";"n. 248 del 24/10/2011";"45.7948518";"12.1695370";
"Maser";"Montello - Colli Asolani";"D. M. 13/10/2011";"n. 248 del 24/10/2011";"45.8084629";"11.9761111";
"Montebelluna";"Montello - Colli Asolani";"D. M. 13/10/2011";"n. 248 del 24/10/2011";"45.7775470";"12.0464467";
"Nervesa della Battaglia";"Montello - Colli Asolani";"D. M. 13/10/2011";"n. 248 del 24/10/2011";"45.8231296";"12.2059444";
"Paderno del Grappa";"Montello - Colli Asolani";"D. M. 13/10/2011";"n. 248 del 24/10/2011";"45.8294031";"11.8596419";
"Pederobba";"Montello - Colli Asolani";"D. M. 13/10/2011";"n. 248 del 24/10/2011";"45.8779980";"11.9549530";
"Possagno";"Montello - Colli Asolani";"D. M. 13/10/2011";"n. 248 del 24/10/2011";"45.8534444";"11.8742407";
"San Zenone degli Ezzelini";"Montello - Colli Asolani";"D. M. 13/10/2011";"n. 248 del 24/10/2011";"45.7814259";"11.8382962";
"Volpago del Montello";"Montello - Colli Asolani";"D. M. 13/10/2011";"n. 248 del 24/10/2011";"45.7782962";"12.1154814";
"Vestenanova";"Monti Lessini";"D. M. 08/11/2011";"n. 272 del 22/11/2011";"45.5745370";"11.2295370";
"San Giovanni Ilarione";"Monti Lessini";"D. M. 08/11/2011";"n. 272 del 22/11/2011";"45.5215740";"11.2373703";
"Montecchia di Crosara";"Monti Lessini";"D. M. 08/11/2011";"n. 272 del 22/11/2011";"45.4854814";"11.2554814";
"Roncà";"Monti Lessini";"D. M. 08/11/2011";"n. 272 del 22/11/2011";"45.4790730";"11.2891270";
"Cazzano di Tramigna";"Monti Lessini";"D. M. 08/11/2011";"n. 272 del 22/11/2011";"45.4739960";"11.2031520";
"Tregnago";"Monti Lessini";"D. M. 08/11/2011";"n. 272 del 22/11/2011";"45.5145200";"11.1646240";
"Badia Calavena";"Monti Lessini";"D. M. 08/11/2011";"n. 272 del 22/11/2011";"45.5673518";"11.1537777";
"Arzignano";"Monti Lessini";"D. M. 08/11/2011";"n. 272 del 22/11/2011";"45.5193876";"11.3395840";
"Castelgomberto";"Monti Lessini";"D. M. 08/11/2011";"n. 272 del 22/11/2011";"45.5859629";"11.3967222";
"Chiampo";"Monti Lessini";"D. M. 08/11/2011";"n. 272 del 22/11/2011";"45.5468888";"11.2806296";
"Brogliano";"Monti Lessini";"D. M. 08/11/2011";"n. 272 del 22/11/2011";"45.5890414";"11.3670530";
"Gambugliano";"Monti Lessini";"D. M. 08/11/2011";"n. 272 del 22/11/2011";"45.5889074";"11.4397037";
"Trissino";"Monti Lessini";"D. M. 08/11/2011";"n. 272 del 22/11/2011";"45.5622037";"11.3728333";
"Cornedo Vicentino";"Monti Lessini";"D. M. 08/11/2011";"n. 272 del 22/11/2011";"45.6140740";"11.3417407";
"Costabissara";"Monti Lessini";"D. M. 08/11/2011";"n. 272 del 22/11/2011";"45.5845370";"11.4882962";
"Gambellara";"Monti Lessini";"D. M. 08/11/2011";"n. 272 del 22/11/2011";"45.4607962";"11.3412777";
"Isola Vicentina";"Monti Lessini";"D. M. 08/11/2011";"n. 272 del 22/11/2011";"45.6292339";"11.4437200";
"Malo";"Monti Lessini";"D. M. 08/11/2011";"n. 272 del 22/11/2011";"45.6612592";"11.4086111";
"Marano Vicentino";"Monti Lessini";"D. M. 08/11/2011";"n. 272 del 22/11/2011";"45.6940740";"11.4284629";
"Monte di Malo";"Monti Lessini";"D. M. 08/11/2011";"n. 272 del 22/11/2011";"45.6620555";"11.3623518";
"Montebello Vicentino";"Monti Lessini";"D. M. 08/11/2011";"n. 272 del 22/11/2011";"45.4575185";"11.3845370";
"Montecchio Maggiore";"Monti Lessini";"D. M. 08/11/2011";"n. 272 del 22/11/2011";"45.5046910";"11.4058330";
"Montorso Vicentino";"Monti Lessini";"D. M. 08/11/2011";"n. 272 del 22/11/2011";"45.4918888";"11.3612592";
"Nogarole Vicentino";"Monti Lessini";"D. M. 08/11/2011";"n. 272 del 22/11/2011";"45.5611045";"11.2897544";
"San Vito di Leguzzano";"Monti Lessini";"D. M. 08/11/2011";"n. 272 del 22/11/2011";"45.6893110";"11.3737722";
"Schio";"Monti Lessini";"D. M. 08/11/2011";"n. 272 del 22/11/2011";"45.7134629";"11.3584444";
"Zermeghedo";"Monti Lessini";"D. M. 08/11/2011";"n. 272 del 22/11/2011";"45.4759514";"11.3706459";
"Arcade";"Piave";"D. M. 22/12/2010";"n. 4 del 07/01/2011";"45.7845370";"12.2228333";
"Breda di Piave";"Piave";"D. M. 22/12/2010";"n. 4 del 07/01/2011";"45.7248518";"12.3337777";
"Casale sul Sile";"Piave";"D. M. 22/12/2010";"n. 4 del 07/01/2011";"45.5989259";"12.3243888";
"Cessalto";"Piave";"D. M. 22/12/2010";"n. 4 del 07/01/2011";"45.7140740";"12.6154814";
"Chiarano";"Piave";"D. M. 22/12/2010";"n. 4 del 07/01/2011";"45.7300000";"12.5837592";
"Cimadolmo";"Piave";"D. M. 22/12/2010";"n. 4 del 07/01/2011";"45.7845626";"12.3640065";
"Codognè";"Piave";"D. M. 22/12/2010";"n. 4 del 07/01/2011";"45.8702109";"12.4308257";
"Fontanelle";"Piave";"D. M. 22/12/2010";"n. 4 del 07/01/2011";"45.8370555";"12.4653333";
"Godega Sant'Urbano";"Piave";"D. M. 22/12/2010";"n. 4 del 07/01/2011";"45.9307962";"12.3992222";
"Gorgo al Monticano";"Piave";"D. M. 22/12/2010";"n. 4 del 07/01/2011";"45.7885424";"12.5523691";
"Mareno di Piave";"Piave";"D. M. 22/12/2010";"n. 4 del 07/01/2011";"45.8408790";"12.3507100";
"Maserada sul Piave";"Piave";"D. M. 22/12/2010";"n. 4 del 07/01/2011";"45.7499120";"12.3200280";
"Monastier di Treviso";"Piave";"D. M. 22/12/2010";"n. 4 del 07/01/2011";"45.6508720";"12.4354010";
"Oderzo";"Piave";"D. M. 22/12/2010";"n. 4 del 07/01/2011";"45.7812715";"12.4936280";
"Ormelle";"Piave";"D. M. 22/12/2010";"n. 4 del 07/01/2011";"45.7803333";"12.4231481";
"Ponte di Piave";"Piave";"D. M. 22/12/2010";"n. 4 del 07/01/2011";"45.7147450";"12.4645080";
"Ponzano Veneto";"Piave";"D. M. 22/12/2010";"n. 4 del 07/01/2011";"45.7157010";"12.2026929";
"Portobuffolè";"Piave";"D. M. 22/12/2010";"n. 4 del 07/01/2011";"45.8562355";"12.5377327";
"Povegliano";"Piave";"D. M. 22/12/2010";"n. 4 del 07/01/2011";"45.7610940";"12.2037683";
"Roncade";"Piave";"D. M. 22/12/2010";"n. 4 del 07/01/2011";"45.6280609";"12.3747990";
"Salgareda";"Piave";"D. M. 22/12/2010";"n. 4 del 07/01/2011";"45.7044850";"12.4921750";
"San Biagio di Callalta";"Piave";"D. M. 22/12/2010";"n. 4 del 07/01/2011";"45.6854522";"12.3772170";
"San Fior";"Piave";"D. M. 22/12/2010";"n. 4 del 07/01/2011";"45.9209530";"12.3574120";
"San Polo di Piave";"Piave";"D. M. 22/12/2010";"n. 4 del 07/01/2011";"45.7925185";"12.3943888";
"Santa Lucia di Piave";"Piave";"D. M. 22/12/2010";"n. 4 del 07/01/2011";"45.8450590";"12.2808070";
"Spresiano";"Piave";"D. M. 22/12/2010";"n. 4 del 07/01/2011";"45.7794590";"12.2561040";
"Vazzola";"Piave";"D. M. 22/12/2010";"n. 4 del 07/01/2011";"45.8427961";"12.3843074";
"Zenson di Piave";"Piave";"D. M. 22/12/2010";"n. 4 del 07/01/2011";"45.6782360";"12.4895490";
"Carbonera";"Piave";"D. M. 22/12/2010";"n. 4 del 07/01/2011";"45.6845370";"12.2854814";
"Casier";"Piave";"D. M. 22/12/2010";"n. 4 del 07/01/2011";"45.6438800";"12.2957627";
"Gaiarine";"Piave";"D. M. 22/12/2010";"n. 4 del 07/01/2011";"45.8795370";"12.4809629";
"Mansuè";"Piave";"D. M. 22/12/2010";"n. 4 del 07/01/2011";"45.8232096";"12.5354700";
"Mogliano Veneto";"Piave";"D. M. 22/12/2010";"n. 4 del 07/01/2011";"45.5613413";"12.2363309";
"Orsago";"Piave";"D. M. 22/12/2010";"n. 4 del 07/01/2011";"45.9306720";"12.4235730";
"Preganziol";"Piave";"D. M. 22/12/2010";"n. 4 del 07/01/2011";"45.6022462";"12.2351883";
"Silea";"Piave";"D. M. 22/12/2010";"n. 4 del 07/01/2011";"45.6546710";"12.2968410";
"Villorba";"Piave";"D. M. 22/12/2010";"n. 4 del 07/01/2011";"45.7136680";"12.2600845";
"Colle Umberto";"Piave";"D. M. 22/12/2010";"n. 4 del 07/01/2011";"45.9399657";"12.3399807";
"Conegliano";"Piave";"D. M. 22/12/2010";"n. 4 del 07/01/2011";"45.8881481";"12.3050185";
"Cordignano";"Piave";"D. M. 22/12/2010";"n. 4 del 07/01/2011";"45.9528333";"12.4148703";
"Giavera del Montello";"Piave";"D. M. 22/12/2010";"n. 4 del 07/01/2011";"45.7948518";"12.1695370";
"Montebelluna";"Piave";"D. M. 22/12/2010";"n. 4 del 07/01/2011";"45.7775470";"12.0464467";
"Motta di Livenza";"Piave";"D. M. 22/12/2010";"n. 4 del 07/01/2011";"45.7775000";"12.6087592";
"Nervesa della Battaglia";"Piave";"D. M. 22/12/2010";"n. 4 del 07/01/2011";"45.8231296";"12.2059444";
"Paese";"Piave";"D. M. 22/12/2010";"n. 4 del 07/01/2011";"45.6776252";"12.1563908";
"San Vendemiano";"Piave";"D. M. 22/12/2010";"n. 4 del 07/01/2011";"45.8867406";"12.3516602";
"Susegana";"Piave";"D. M. 22/12/2010";"n. 4 del 07/01/2011";"45.8519560";"12.2507649";
"Trevignano";"Piave";"D. M. 22/12/2010";"n. 4 del 07/01/2011";"45.7433793";"12.0927416";
"Vittorio Veneto";"Piave";"D. M. 22/12/2010";"n. 4 del 07/01/2011";"45.9798115";"12.3033131";
"Volpago del Montello";"Piave";"D. M. 22/12/2010";"n. 4 del 07/01/2011";"45.7782962";"12.1154814";
"Fossalta di Piave";"Piave";"D. M. 22/12/2010";"n. 4 del 07/01/2011";"45.6439680";"12.5118480";
"Marcon";"Piave";"D. M. 22/12/2010";"n. 4 del 07/01/2011";"45.5615912";"12.2981034";
"Meolo";"Piave";"D. M. 22/12/2010";"n. 4 del 07/01/2011";"45.6201970";"12.4525790";
"Noventa di Piave";"Piave";"D. M. 22/12/2010";"n. 4 del 07/01/2011";"45.6607962";"12.5347037";
"Quarto d'Altino";"Piave";"D. M. 22/12/2010";"n. 4 del 07/01/2011";"45.5787777";"12.3728333";
"San Donà di Piave";"Piave";"D. M. 22/12/2010";"n. 4 del 07/01/2011";"45.6319754";"12.5662747";
"Musile di Piave";"Piave";"D. M. 22/12/2010";"n. 4 del 07/01/2011";"45.6178148";"12.5650000";
"Torre di Mosto";"Piave";"D. M. 22/12/2010";"n. 4 del 07/01/2011";"45.6861111";"12.7039074";
"Agordo";"Prosecco";"D. M. 15/10/2010";"n. 263 del 10/11/2010";"462823170";"12.0344100";
"Alano di Piave";"Prosecco";"D. M. 15/10/2010";"n. 263 del 10/11/2010";"45.9078316";"11.9095441";
"Alleghe";"Prosecco";"D. M. 15/10/2010";"n. 263 del 10/11/2010";"464073470";"12.0253208";
"Arsiè";"Prosecco";"D. M. 15/10/2010";"n. 263 del 10/11/2010";"45.9839074";"11.7593888";
"Auronzo di Cadore";"Prosecco";"D. M. 15/10/2010";"n. 263 del 10/11/2010";"465512013";"12.4432048";
"Belluno";"Prosecco";"D. M. 15/10/2010";"n. 263 del 10/11/2010";"461399645";"12.2175906";
"Borca di Cadore";"Prosecco";"D. M. 15/10/2010";"n. 263 del 10/11/2010";"464373518";"12.2206296";
"Calalzo di Cadore";"Prosecco";"D. M. 15/10/2010";"n. 263 del 10/11/2010";"464472250";"12.3836180";
"Canale d'Agordo";"Prosecco";"D. M. 15/10/2010";"n. 263 del 10/11/2010";"463570555";"11.9145555";
"Castellavazzo";"Prosecco";"D. M. 15/10/2010";"n. 263 del 10/11/2010";"462859629";"12.3081481";
"Cencenighe Agordino";"Prosecco";"D. M. 15/10/2010";"n. 263 del 10/11/2010";"463440740";"11.9745555";
"Cesiomaggiore";"Prosecco";"D. M. 15/10/2010";"n. 263 del 10/11/2010";"460890740";"11.9876666";
"Chies d'Alpago";"Prosecco";"D. M. 15/10/2010";"n. 263 del 10/11/2010";"461745646";"12.3865382";
"Cibiana di Cadore";"Prosecco";"D. M. 15/10/2010";"n. 263 del 10/11/2010";"463887592";"12.2865740";
"Colle Santa Lucia";"Prosecco";"D. M. 15/10/2010";"n. 263 del 10/11/2010";"464495555";"12.0150000";
"Comelico Superiore";"Prosecco";"D. M. 15/10/2010";"n. 263 del 10/11/2010";"465906481";"12.5154814";
"Cortina d'Ampezzo";"Prosecco";"D. M. 15/10/2010";"n. 263 del 10/11/2010";"465373829";"12.1389217";
"Danta di Cadore";"Prosecco";"D. M. 15/10/2010";"n. 263 del 10/11/2010";"465670590";"12.5207966";
"Domegge di Cadore";"Prosecco";"D. M. 15/10/2010";"n. 263 del 10/11/2010";"464603333";"12.4148518";
"Falcade";"Prosecco";"D. M. 15/10/2010";"n. 263 del 10/11/2010";"463539800";"11.8642173";
"Farra d'Alpago";"Prosecco";"D. M. 15/10/2010";"n. 263 del 10/11/2010";"461210362";"12.3586702";
"Feltre";"Prosecco";"D. M. 15/10/2010";"n. 263 del 10/11/2010";"460165245";"11.9057269";
"Fonzaso";"Prosecco";"D. M. 15/10/2010";"n. 263 del 10/11/2010";"460181296";"11.8009629";
"Forno di Zoldo";"Prosecco";"D. M. 15/10/2010";"n. 263 del 10/11/2010";"463487592";"12.1831481";
"Gosaldo";"Prosecco";"D. M. 15/10/2010";"n. 263 del 10/11/2010";"462221638";"11.9550301";
"La Valle Agordina";"Prosecco";"D. M. 15/10/2010";"n. 263 del 10/11/2010";"462814259";"12.0661111";
"Lamon";"Prosecco";"D. M. 15/10/2010";"n. 263 del 10/11/2010";"460475830";"11.7490760";
"Lentiai";"Prosecco";"D. M. 15/10/2010";"n. 263 del 10/11/2010";"460450000";"12.0204814";
"Limana";"Prosecco";"D. M. 15/10/2010";"n. 263 del 10/11/2010";"461037592";"12.1873518";
"Livinallongo del Col di Lana";"Prosecco";"D. M. 15/10/2010";"n. 263 del 10/11/2010";"464816025";"11.9553602";
"Longarone";"Prosecco";"D. M. 15/10/2010";"n. 263 del 10/11/2010";"462665915";"12.2999618";
"Lorenzago di Cadore";"Prosecco";"D. M. 15/10/2010";"n. 263 del 10/11/2010";"464806481";"12.4604814";
"Lozzo di Cadore";"Prosecco";"D. M. 15/10/2010";"n. 263 del 10/11/2010";"464859656";"12.4446220";
"Mel";"Prosecco";"D. M. 15/10/2010";"n. 263 del 10/11/2010";"460645417";"12.0881012";
"Ospitale di Cadore";"Prosecco";"D. M. 15/10/2010";"n. 263 del 10/11/2010";"463283109";"12.3232381";
"Pedavena";"Prosecco";"D. M. 15/10/2010";"n. 263 del 10/11/2010";"460396140";"11.8803790";
"Perarolo di Cadore";"Prosecco";"D. M. 15/10/2010";"n. 263 del 10/11/2010";"463970697";"12.3554640";
"Pieve d'Alpago";"Prosecco";"D. M. 15/10/2010";"n. 263 del 10/11/2010";"461677522";"12.3531863";
"Pieve di Cadore";"Prosecco";"D. M. 15/10/2010";"n. 263 del 10/11/2010";"464285225";"12.3740656";
"Ponte nelle Alpi";"Prosecco";"D. M. 15/10/2010";"n. 263 del 10/11/2010";"461831481";"12.2792407";
"Puos d'Alpago";"Prosecco";"D. M. 15/10/2010";"n. 263 del 10/11/2010";"461359629";"12.3484629";
"Quero";"Prosecco";"D. M. 15/10/2010";"n. 263 del 10/11/2010";"45.9219760";"11.9317230";
"Rivamonte Agordino";"Prosecco";"D. M. 15/10/2010";"n. 263 del 10/11/2010";"462539074";"12.0239074";
"Rocca Pietore";"Prosecco";"D. M. 15/10/2010";"n. 263 del 10/11/2010";"464348518";"11.9778148";
"San Gregorio nelle Alpi";"Prosecco";"D. M. 15/10/2010";"n. 263 del 10/11/2010";"461048507";"12.0293580";
"San Nicolò di Comelico";"Prosecco";"D. M. 15/10/2010";"n. 263 del 10/11/2010";"465818801";"12.5286103";
"San Pietro di Cadore";"Prosecco";"D. M. 15/10/2010";"n. 263 del 10/11/2010";"465769213";"12.5926473";
"San Tomaso Agordino";"Prosecco";"D. M. 15/10/2010";"n. 263 del 10/11/2010";"463817407";"11.9754814";
"San Vito di Cadore";"Prosecco";"D. M. 15/10/2010";"n. 263 del 10/11/2010";"464612777";"12.2082962";
"Santa Giustina";"Prosecco";"D. M. 15/10/2010";"n. 263 del 10/11/2010";"460835526";"12.0428910";
"Santo Stefano di Cadore";"Prosecco";"D. M. 15/10/2010";"n. 263 del 10/11/2010";"465584629";"12.5520555";
"Sappada";"Prosecco";"D. M. 15/10/2010";"n. 263 del 10/11/2010";"465675000";"12.6853333";
"Sedico";"Prosecco";"D. M. 15/10/2010";"n. 263 del 10/11/2010";"461112624";"12.0969587";
"Selva di Cadore";"Prosecco";"D. M. 15/10/2010";"n. 263 del 10/11/2010";"464510084";"12.0386119";
"Seren del Grappa";"Prosecco";"D. M. 15/10/2010";"n. 263 del 10/11/2010";"45.9887843";"11.8427247";
"Sospirolo";"Prosecco";"D. M. 15/10/2010";"n. 263 del 10/11/2010";"461417407";"12.0720370";
"Soverzene";"Prosecco";"D. M. 15/10/2010";"n. 263 del 10/11/2010";"462045370";"12.3042407";
"Sovramonte";"Prosecco";"D. M. 15/10/2010";"n. 263 del 10/11/2010";"460595370";"11.7876666";
"Taibon Agordino";"Prosecco";"D. M. 15/10/2010";"n. 263 del 10/11/2010";"463020370";"12.0107962";
"Tambre";"Prosecco";"D. M. 15/10/2010";"n. 263 del 10/11/2010";"461273703";"12.4204814";
"Trichiana";"Prosecco";"D. M. 15/10/2010";"n. 263 del 10/11/2010";"460741224";"12.1331794";
"Vallada Agordina";"Prosecco";"D. M. 15/10/2010";"n. 263 del 10/11/2010";"463632397";"11.9346750";
"Valle di Cadore";"Prosecco";"D. M. 15/10/2010";"n. 263 del 10/11/2010";"464189259";"12.3356296";
"Vas";"Prosecco";"D. M. 15/10/2010";"n. 263 del 10/11/2010";"45.9392005";"11.9357197";
"Vigo di Cadore";"Prosecco";"D. M. 15/10/2010";"n. 263 del 10/11/2010";"464998468";"12.4720762";
"Vodo Cadore";"Prosecco";"D. M. 15/10/2010";"n. 263 del 10/11/2010";"464184856";"12.2477962";
"Voltago Agordino";"Prosecco";"D. M. 15/10/2010";"n. 263 del 10/11/2010";"462729814";"12.0062592";
"Zoldo Alto";"Prosecco";"D. M. 15/10/2010";"n. 263 del 10/11/2010";"463757410";"12.1257560";
"Zoppè di Cadore";"Prosecco";"D. M. 15/10/2010";"n. 263 del 10/11/2010";"463880131";"12.1718612";
"Abano Terme";"Prosecco";"D. M. 15/10/2010";"n. 263 del 10/11/2010";"45.3605420";"11.7893806";
"Agna";"Prosecco";"D. M. 15/10/2010";"n. 263 del 10/11/2010";"45.1697474";"11.9604008";
"Albignasego";"Prosecco";"D. M. 15/10/2010";"n. 263 del 10/11/2010";"45.3484444";"11.8682962";
"Anguillara Veneta";"Prosecco";"D. M. 15/10/2010";"n. 263 del 10/11/2010";"45.1393886";"11.8890378";
"Arquà Petrarca";"Prosecco";"D. M. 15/10/2010";"n. 263 del 10/11/2010";"45.2700515";"11.7167922";
"Arre";"Prosecco";"D. M. 15/10/2010";"n. 263 del 10/11/2010";"45.2190740";"11.9253333";
"Arzergrande";"Prosecco";"D. M. 15/10/2010";"n. 263 del 10/11/2010";"45.2737592";"12.0528333";
"Bagnoli di Sopra";"Prosecco";"D. M. 15/10/2010";"n. 263 del 10/11/2010";"45.1886111";"11.8859444";
"Baone";"Prosecco";"D. M. 15/10/2010";"n. 263 del 10/11/2010";"45.2445370";"11.6892407";
"Barbona";"Prosecco";"D. M. 15/10/2010";"n. 263 del 10/11/2010";"45.1033706";"11.7030524";
"Battaglia Terme";"Prosecco";"D. M. 15/10/2010";"n. 263 del 10/11/2010";"45.2881296";"11.7931296";
"Boara Pisani";"Prosecco";"D. M. 15/10/2010";"n. 263 del 10/11/2010";"45.1067229";"11.7838530";
"Borgoricco";"Prosecco";"D. M. 15/10/2010";"n. 263 del 10/11/2010";"45.5362777";"11.9422037";
"Bovolenta";"Prosecco";"D. M. 15/10/2010";"n. 263 del 10/11/2010";"45.2720443";"11.9370378";
"Brugine";"Prosecco";"D. M. 15/10/2010";"n. 263 del 10/11/2010";"45.2975000";"11.9962777";
"Cadoneghe";"Prosecco";"D. M. 15/10/2010";"n. 263 del 10/11/2010";"45.4481543";"11.9092375";
"Campo San Martino";"Prosecco";"D. M. 15/10/2010";"n. 263 del 10/11/2010";"45.5455848";"11.8116286";
"Campodarsego";"Prosecco";"D. M. 15/10/2010";"n. 263 del 10/11/2010";"45.5026886";"11.9075902";
"Campodoro";"Prosecco";"D. M. 15/10/2010";"n. 263 del 10/11/2010";"45.4912592";"11.7531481";
"Camposampiero";"Prosecco";"D. M. 15/10/2010";"n. 263 del 10/11/2010";"45.5693888";"11.9364074";
"Candiana";"Prosecco";"D. M. 15/10/2010";"n. 263 del 10/11/2010";"45.2220370";"11.9901666";
"Carceri";"Prosecco";"D. M. 15/10/2010";"n. 263 del 10/11/2010";"45.1970370";"11.6203148";
"Carmignano di Brenta";"Prosecco";"D. M. 15/10/2010";"n. 263 del 10/11/2010";"45.6302260";"11.7069720";
"Cartura";"Prosecco";"D. M. 15/10/2010";"n. 263 del 10/11/2010";"45.2693888";"11.8578148";
"Casale di Scodosia";"Prosecco";"D. M. 15/10/2010";"n. 263 del 10/11/2010";"45.1870555";"11.4693888";
"Casalserugo";"Prosecco";"D. M. 15/10/2010";"n. 263 del 10/11/2010";"45.3170494";"11.9132984";
"Castelbaldo";"Prosecco";"D. M. 15/10/2010";"n. 263 del 10/11/2010";"45.1233865";"11.4592174";
"Cervarese Santa Croce";"Prosecco";"D. M. 15/10/2010";"n. 263 del 10/11/2010";"45.4244800";"11.6868240";
"Cinto Euganeo";"Prosecco";"D. M. 15/10/2010";"n. 263 del 10/11/2010";"45.2757962";"11.6628148";
"Cittadella";"Prosecco";"D. M. 15/10/2010";"n. 263 del 10/11/2010";"45.6488343";"11.7836356";
"Codevigo";"Prosecco";"D. M. 15/10/2010";"n. 263 del 10/11/2010";"45.2676666";"12.0997037";
"Conselve";"Prosecco";"D. M. 15/10/2010";"n. 263 del 10/11/2010";"45.2318888";"11.8748518";
"Correzzola";"Prosecco";"D. M. 15/10/2010";"n. 263 del 10/11/2010";"45.2362777";"12.0687592";
"Curtarolo";"Prosecco";"D. M. 15/10/2010";"n. 263 del 10/11/2010";"45.5228330";"11.8323990";
"Due Carrare";"Prosecco";"D. M. 15/10/2010";"n. 263 del 10/11/2010";"45.2935978";"11.8191407";
"Este";"Prosecco";"D. M. 15/10/2010";"n. 263 del 10/11/2010";"45.2276375";"11.6565594";
"Fontaniva";"Prosecco";"D. M. 15/10/2010";"n. 263 del 10/11/2010";"45.6350185";"11.7497037";
"Galliera Veneta";"Prosecco";"D. M. 15/10/2010";"n. 263 del 10/11/2010";"45.6640020";"11.8304710";
"Galzignano Terme";"Prosecco";"D. M. 15/10/2010";"n. 263 del 10/11/2010";"45.3074851";"11.7314141";
"Gazzo";"Prosecco";"D. M. 15/10/2010";"n. 263 del 10/11/2010";"45.5815740";"11.7053333";
"Grantorto";"Prosecco";"D. M. 15/10/2010";"n. 263 del 10/11/2010";"45.6018888";"11.7326666";
"Granze";"Prosecco";"D. M. 15/10/2010";"n. 263 del 10/11/2010";"45.1575185";"11.7157962";
"Legnaro";"Prosecco";"D. M. 15/10/2010";"n. 263 del 10/11/2010";"45.3423299";"11.9661760";
"Limena";"Prosecco";"D. M. 15/10/2010";"n. 263 del 10/11/2010";"45.4732962";"11.8448703";
"Loreggia";"Prosecco";"D. M. 15/10/2010";"n. 263 del 10/11/2010";"45.5950000";"11.9462777";
"Lozzo Atestino";"Prosecco";"D. M. 15/10/2010";"n. 263 del 10/11/2010";"45.2870260";"11.6277160";
"Maserà di Padova";"Prosecco";"D. M. 15/10/2010";"n. 263 del 10/11/2010";"45.3202280";"11.8641901";
"Masi";"Prosecco";"D. M. 15/10/2010";"n. 263 del 10/11/2010";"45.1098518";"11.4903333";
"Massanzago";"Prosecco";"D. M. 15/10/2010";"n. 263 del 10/11/2010";"45.5573703";"12.0084629";
"Megliadino San Fidenzio";"Prosecco";"D. M. 15/10/2010";"n. 263 del 10/11/2010";"45.2184629";"11.5170370";
"Megliadino San Vitale";"Prosecco";"D. M. 15/10/2010";"n. 263 del 10/11/2010";"45.1975185";"11.5270370";
"Merlara";"Prosecco";"D. M. 15/10/2010";"n. 263 del 10/11/2010";"45.1673518";"11.4423518";
"Mestrino";"Prosecco";"D. M. 15/10/2010";"n. 263 del 10/11/2010";"45.4418888";"11.7615740";
"Monselice";"Prosecco";"D. M. 15/10/2010";"n. 263 del 10/11/2010";"45.2395286";"11.7503996";
"Montagnana";"Prosecco";"D. M. 15/10/2010";"n. 263 del 10/11/2010";"45.2336096";"11.4672416";
"Montegrotto Terme";"Prosecco";"D. M. 15/10/2010";"n. 263 del 10/11/2010";"45.3318641";"11.7837949";
"Noventa Padovana";"Prosecco";"D. M. 15/10/2010";"n. 263 del 10/11/2010";"45.4153333";"11.9520370";
"Ospedaletto Euganeo";"Prosecco";"D. M. 15/10/2010";"n. 263 del 10/11/2010";"45.2231880";"11.6111460";
"Padova";"Prosecco";"D. M. 15/10/2010";"n. 263 del 10/11/2010";"45.4095683";"11.8765886";
"Pernumia";"Prosecco";"D. M. 15/10/2010";"n. 263 del 10/11/2010";"45.2584268";"11.7889653";
"Piacenza d'Adige";"Prosecco";"D. M. 15/10/2010";"n. 263 del 10/11/2010";"45.1296696";"11.5503639";
"Piazzola sul Brenta";"Prosecco";"D. M. 15/10/2010";"n. 263 del 10/11/2010";"45.5419832";"11.7863350";
"Piombino Dese";"Prosecco";"D. M. 15/10/2010";"n. 263 del 10/11/2010";"45.6067222";"11.9979814";
"Piove di Sacco";"Prosecco";"D. M. 15/10/2010";"n. 263 del 10/11/2010";"45.2961677";"12.0348270";
"Polverara";"Prosecco";"D. M. 15/10/2010";"n. 263 del 10/11/2010";"45.3103148";"11.9570370";
"Ponso";"Prosecco";"D. M. 15/10/2010";"n. 263 del 10/11/2010";"45.1926194";"11.5870697";
"Ponte San Nicolò";"Prosecco";"D. M. 15/10/2010";"n. 263 del 10/11/2010";"45.3639863";"11.9363944";
"Pontelongo";"Prosecco";"D. M. 15/10/2010";"n. 263 del 10/11/2010";"45.2481481";"12.0257962";
"Pozzonovo";"Prosecco";"D. M. 15/10/2010";"n. 263 del 10/11/2010";"45.1973703";"11.7928333";
"Rovolon";"Prosecco";"D. M. 15/10/2010";"n. 263 del 10/11/2010";"45.3653936";"11.6623252";
"Rubano";"Prosecco";"D. M. 15/10/2010";"n. 263 del 10/11/2010";"45.4218888";"11.8082962";
"Saccolongo";"Prosecco";"D. M. 15/10/2010";"n. 263 del 10/11/2010";"45.4038150";"11.7471400";
"Saletto";"Prosecco";"D. M. 15/10/2010";"n. 263 del 10/11/2010";"45.2260280";"11.5327730";
"San Giorgio delle Pertiche";"Prosecco";"D. M. 15/10/2010";"n. 263 del 10/11/2010";"45.5409390";"11.9094370";
"San Giorgio in Bosco";"Prosecco";"D. M. 15/10/2010";"n. 263 del 10/11/2010";"45.5906300";"11.8066210";
"San Martino di Lupari";"Prosecco";"D. M. 15/10/2010";"n. 263 del 10/11/2010";"45.6507462";"11.8537002";
"San Pietro in Gu";"Prosecco";"D. M. 15/10/2010";"n. 263 del 10/11/2010";"45.6116260";"11.6725660";
"San Pietro Viminario";"Prosecco";"D. M. 15/10/2010";"n. 263 del 10/11/2010";"45.2443888";"11.8173518";
"Santa Giustina in Colle";"Prosecco";"D. M. 15/10/2010";"n. 263 del 10/11/2010";"45.5632826";"11.9066793";
"Santa Margherita d'Adige";"Prosecco";"D. M. 15/10/2010";"n. 263 del 10/11/2010";"45.2134060";"11.5553586";
"Sant'Angelo di Piove di Sacco";"Prosecco";"D. M. 15/10/2010";"n. 263 del 10/11/2010";"45.3475010";"12.0021860";
"Sant'Elena";"Prosecco";"D. M. 15/10/2010";"n. 263 del 10/11/2010";"45.1872037";"11.7128148";
"Sant'Urbano";"Prosecco";"D. M. 15/10/2010";"n. 263 del 10/11/2010";"45.1281426";"11.6478056";
"Saonara";"Prosecco";"D. M. 15/10/2010";"n. 263 del 10/11/2010";"45.3662592";"11.9859629";
"Selvazzano Dentro";"Prosecco";"D. M. 15/10/2010";"n. 263 del 10/11/2010";"45.3893676";"11.7894607";
"Solesino";"Prosecco";"D. M. 15/10/2010";"n. 263 del 10/11/2010";"45.1787170";"11.7438100";
"Stanghella";"Prosecco";"D. M. 15/10/2010";"n. 263 del 10/11/2010";"45.1353110";"11.7574460";
"Teolo";"Prosecco";"D. M. 15/10/2010";"n. 263 del 10/11/2010";"45.3485285";"11.6722939";
"Terrassa Padovana";"Prosecco";"D. M. 15/10/2010";"n. 263 del 10/11/2010";"45.2450000";"11.9037592";
"Tombolo";"Prosecco";"D. M. 15/10/2010";"n. 263 del 10/11/2010";"45.6454680";"11.8273309";
"Torreglia";"Prosecco";"D. M. 15/10/2010";"n. 263 del 10/11/2010";"45.3354100";"11.7319250";
"Trebaseleghe";"Prosecco";"D. M. 15/10/2010";"n. 263 del 10/11/2010";"45.5909617";"12.0506298";
"Tribano";"Prosecco";"D. M. 15/10/2010";"n. 263 del 10/11/2010";"45.2088320";"11.8310910";
"Urbana";"Prosecco";"D. M. 15/10/2010";"n. 263 del 10/11/2010";"45.1937592";"11.4459444";
"Veggiano";"Prosecco";"D. M. 15/10/2010";"n. 263 del 10/11/2010";"45.4481296";"11.7139259";
"Vescovana";"Prosecco";"D. M. 15/10/2010";"n. 263 del 10/11/2010";"45.1363190";"11.7107850";
"Vighizzolo d'Este";"Prosecco";"D. M. 15/10/2010";"n. 263 del 10/11/2010";"45.1773703";"11.6257962";
"Vigodarzere";"Prosecco";"D. M. 15/10/2010";"n. 263 del 10/11/2010";"45.4605183";"11.8792907";
"Vigonza";"Prosecco";"D. M. 15/10/2010";"n. 263 del 10/11/2010";"45.4315470";"11.9670400";
"Villa del Conte";"Prosecco";"D. M. 15/10/2010";"n. 263 del 10/11/2010";"45.5835240";"11.8603960";
"Villa Estense";"Prosecco";"D. M. 15/10/2010";"n. 263 del 10/11/2010";"45.1725839";"11.6675286";
"Villafranca Padovana";"Prosecco";"D. M. 15/10/2010";"n. 263 del 10/11/2010";"45.4928148";"11.7945370";
"Villanova di Camposampiero";"Prosecco";"D. M. 15/10/2010";"n. 263 del 10/11/2010";"45.4906233";"11.9705166";
"Vo'";"Prosecco";"D. M. 15/10/2010";"n. 263 del 10/11/2010";"45.3292222";"11.6425000";
"Altivole";"Prosecco";"D. M. 15/10/2010";"n. 263 del 10/11/2010";"45.7547037";"11.9573703";
"Arcade";"Prosecco";"D. M. 15/10/2010";"n. 263 del 10/11/2010";"45.7845370";"12.2228333";
"Asolo";"Prosecco";"D. M. 15/10/2010";"n. 263 del 10/11/2010";"45.7932962";"11.9128333";
"Borso del Grappa";"Prosecco";"D. M. 15/10/2010";"n. 263 del 10/11/2010";"45.8207700";"11.7960860";
"Breda di Piave";"Prosecco";"D. M. 15/10/2010";"n. 263 del 10/11/2010";"45.7248518";"12.3337777";
"Caerano di San Marco";"Prosecco";"D. M. 15/10/2010";"n. 263 del 10/11/2010";"45.7862777";"12.0039259";
"Cappella Maggiore";"Prosecco";"D. M. 15/10/2010";"n. 263 del 10/11/2010";"45.9781296";"12.3423518";
"Carbonera";"Prosecco";"D. M. 15/10/2010";"n. 263 del 10/11/2010";"45.6845370";"12.2854814";
"Casale sul Sile";"Prosecco";"D. M. 15/10/2010";"n. 263 del 10/11/2010";"45.5989259";"12.3243888";
"Casier";"Prosecco";"D. M. 15/10/2010";"n. 263 del 10/11/2010";"45.6438800";"12.2957627";
"Castelcucco";"Prosecco";"D. M. 15/10/2010";"n. 263 del 10/11/2010";"45.8317407";"11.8853333";
"Castelfranco Veneto";"Prosecco";"D. M. 15/10/2010";"n. 263 del 10/11/2010";"45.6713166";"11.9262274";
"Castello di Godego";"Prosecco";"D. M. 15/10/2010";"n. 263 del 10/11/2010";"45.6943888";"11.8779814";
"Cavaso del Tomba";"Prosecco";"D. M. 15/10/2010";"n. 263 del 10/11/2010";"45.8617407";"11.8995555";
"Cessalto";"Prosecco";"D. M. 15/10/2010";"n. 263 del 10/11/2010";"45.7140740";"12.6154814";
"Chiarano";"Prosecco";"D. M. 15/10/2010";"n. 263 del 10/11/2010";"45.7300000";"12.5837592";
"Cimadolmo";"Prosecco";"D. M. 15/10/2010";"n. 263 del 10/11/2010";"45.7845626";"12.3640065";
"Cison di Valmarino";"Prosecco";"D. M. 15/10/2010";"n. 263 del 10/11/2010";"45.9673703";"12.1442407";
"Codognè";"Prosecco";"D. M. 15/10/2010";"n. 263 del 10/11/2010";"45.8702109";"12.4308257";
"Colle Umberto";"Prosecco";"D. M. 15/10/2010";"n. 263 del 10/11/2010";"45.9399657";"12.3399807";
"Conegliano";"Prosecco";"D. M. 15/10/2010";"n. 263 del 10/11/2010";"45.8881481";"12.3050185";
"Cordignano";"Prosecco";"D. M. 15/10/2010";"n. 263 del 10/11/2010";"45.9528333";"12.4148703";
"Cornuda";"Prosecco";"D. M. 15/10/2010";"n. 263 del 10/11/2010";"45.8317846";"12.0080604";
"Crespano del Grappa";"Prosecco";"D. M. 15/10/2010";"n. 263 del 10/11/2010";"45.8264259";"11.8348703";
"Crocetta del Montello";"Prosecco";"D. M. 15/10/2010";"n. 263 del 10/11/2010";"45.8255760";"12.0356150";
"Farra di Soligo";"Prosecco";"D. M. 15/10/2010";"n. 263 del 10/11/2010";"45.8963310";"12.0941930";
"Follina";"Prosecco";"D. M. 15/10/2010";"n. 263 del 10/11/2010";"45.9525000";"12.1206296";
"Fontanelle";"Prosecco";"D. M. 15/10/2010";"n. 263 del 10/11/2010";"45.8370555";"12.4653333";
"Fonte";"Prosecco";"D. M. 15/10/2010";"n. 263 del 10/11/2010";"45.7849210";"11.8724490";
"Fregona";"Prosecco";"D. M. 15/10/2010";"n. 263 del 10/11/2010";"460043888";"12.3412777";
"Gaiarine";"Prosecco";"D. M. 15/10/2010";"n. 263 del 10/11/2010";"45.8795370";"12.4809629";
"Giavera del Montello";"Prosecco";"D. M. 15/10/2010";"n. 263 del 10/11/2010";"45.7948518";"12.1695370";
"Godega di Sant'Urbano";"Prosecco";"D. M. 15/10/2010";"n. 263 del 10/11/2010";"45.9307962";"12.3992222";
"Gorgo al Monticano";"Prosecco";"D. M. 15/10/2010";"n. 263 del 10/11/2010";"45.7885424";"12.5523691";
"Istrana";"Prosecco";"D. M. 15/10/2010";"n. 263 del 10/11/2010";"45.6778333";"12.1042407";
"Loria";"Prosecco";"D. M. 15/10/2010";"n. 263 del 10/11/2010";"45.7309444";"11.8664074";
"Mansuè";"Prosecco";"D. M. 15/10/2010";"n. 263 del 10/11/2010";"45.8232096";"12.5354700";
"Mareno di Piave";"Prosecco";"D. M. 15/10/2010";"n. 263 del 10/11/2010";"45.8408790";"12.3507100";
"Maser";"Prosecco";"D. M. 15/10/2010";"n. 263 del 10/11/2010";"45.8084629";"11.9761111";
"Maserada sul Piave";"Prosecco";"D. M. 15/10/2010";"n. 263 del 10/11/2010";"45.7499120";"12.3200280";
"Meduna di Livenza";"Prosecco";"D. M. 15/10/2010";"n. 263 del 10/11/2010";"45.8068888";"12.6148518";
"Miane";"Prosecco";"D. M. 15/10/2010";"n. 263 del 10/11/2010";"45.9454624";"12.0965270";
"Mogliano Veneto";"Prosecco";"D. M. 15/10/2010";"n. 263 del 10/11/2010";"45.5613413";"12.2363309";
"Monastier di Treviso";"Prosecco";"D. M. 15/10/2010";"n. 263 del 10/11/2010";"45.6508720";"12.4354010";
"Monfumo";"Prosecco";"D. M. 15/10/2010";"n. 263 del 10/11/2010";"45.8310911";"11.9202637";
"Montebelluna";"Prosecco";"D. M. 15/10/2010";"n. 263 del 10/11/2010";"45.7775470";"12.0464467";
"Morgano";"Prosecco";"D. M. 15/10/2010";"n. 263 del 10/11/2010";"45.6481871";"12.1033133";
"Moriago della Battaglia";"Prosecco";"D. M. 15/10/2010";"n. 263 del 10/11/2010";"45.8710423";"12.0787482";
"Motta di Livenza";"Prosecco";"D. M. 15/10/2010";"n. 263 del 10/11/2010";"45.7775000";"12.6087592";
"Nervesa della Battaglia";"Prosecco";"D. M. 15/10/2010";"n. 263 del 10/11/2010";"45.8231296";"12.2059444";
"Oderzo";"Prosecco";"D. M. 15/10/2010";"n. 263 del 10/11/2010";"45.7812715";"12.4936280";
"Ormelle";"Prosecco";"D. M. 15/10/2010";"n. 263 del 10/11/2010";"45.7803333";"12.4231481";
"Orsago";"Prosecco";"D. M. 15/10/2010";"n. 263 del 10/11/2010";"45.9306720";"12.4235730";
"Paderno del Grappa";"Prosecco";"D. M. 15/10/2010";"n. 263 del 10/11/2010";"45.8294031";"11.8596419";
"Paese";"Prosecco";"D. M. 15/10/2010";"n. 263 del 10/11/2010";"45.6776252";"12.1563908";
"Pederobba";"Prosecco";"D. M. 15/10/2010";"n. 263 del 10/11/2010";"45.8779980";"11.9549530";
"Pieve di Soligo";"Prosecco";"D. M. 15/10/2010";"n. 263 del 10/11/2010";"45.9000220";"12.1714710";
"Ponte di Piave";"Prosecco";"D. M. 15/10/2010";"n. 263 del 10/11/2010";"45.7147450";"12.4645080";
"Ponzano Veneto";"Prosecco";"D. M. 15/10/2010";"n. 263 del 10/11/2010";"45.7157010";"12.2026929";
"Portobuffolè";"Prosecco";"D. M. 15/10/2010";"n. 263 del 10/11/2010";"45.8562355";"12.5377327";
"Possagno";"Prosecco";"D. M. 15/10/2010";"n. 263 del 10/11/2010";"45.8534444";"11.8742407";
"Povegliano";"Prosecco";"D. M. 15/10/2010";"n. 263 del 10/11/2010";"45.7610940";"12.2037683";
"Preganziol";"Prosecco";"D. M. 15/10/2010";"n. 263 del 10/11/2010";"45.6022462";"12.2351883";
"Quinto di Treviso";"Prosecco";"D. M. 15/10/2010";"n. 263 del 10/11/2010";"45.6460120";"12.1672350";
"Refrontolo";"Prosecco";"D. M. 15/10/2010";"n. 263 del 10/11/2010";"45.9250185";"12.2100185";
"Resana";"Prosecco";"D. M. 15/10/2010";"n. 263 del 10/11/2010";"45.6336120";"11.9555030";
"Revine Lago";"Prosecco";"D. M. 15/10/2010";"n. 263 del 10/11/2010";"45.9914259";"12.2287592";
"Riese Pio X";"Prosecco";"D. M. 15/10/2010";"n. 263 del 10/11/2010";"45.7300185";"11.9200000";
"Roncade";"Prosecco";"D. M. 15/10/2010";"n. 263 del 10/11/2010";"45.6280609";"12.3747990";
"Salgareda";"Prosecco";"D. M. 15/10/2010";"n. 263 del 10/11/2010";"45.7044850";"12.4921750";
"San Biagio di Callalta";"Prosecco";"D. M. 15/10/2010";"n. 263 del 10/11/2010";"45.6854522";"12.3772170";
"San Fior";"Prosecco";"D. M. 15/10/2010";"n. 263 del 10/11/2010";"45.9209530";"12.3574120";
"San Pietro di Feletto";"Prosecco";"D. M. 15/10/2010";"n. 263 del 10/11/2010";"45.9163513";"12.2507734";
"San Polo di Piave";"Prosecco";"D. M. 15/10/2010";"n. 263 del 10/11/2010";"45.7925185";"12.3943888";
"San Vendemiano";"Prosecco";"D. M. 15/10/2010";"n. 263 del 10/11/2010";"45.8867406";"12.3516602";
"San Zenone degli Ezzelini";"Prosecco";"D. M. 15/10/2010";"n. 263 del 10/11/2010";"45.7814259";"11.8382962";
"Santa Lucia di Piave";"Prosecco";"D. M. 15/10/2010";"n. 263 del 10/11/2010";"45.8450590";"12.2808070";
"Sarmede";"Prosecco";"D. M. 15/10/2010";"n. 263 del 10/11/2010";"45.9776666";"12.3853333";
"Segusino";"Prosecco";"D. M. 15/10/2010";"n. 263 del 10/11/2010";"45.9179814";"11.9567407";
"Sernaglia della Battaglia";"Prosecco";"D. M. 15/10/2010";"n. 263 del 10/11/2010";"45.8754964";"12.1316081";
"Silea";"Prosecco";"D. M. 15/10/2010";"n. 263 del 10/11/2010";"45.6546710";"12.2968410";
"Spresiano";"Prosecco";"D. M. 15/10/2010";"n. 263 del 10/11/2010";"45.7794590";"12.2561040";
"Susegana";"Prosecco";"D. M. 15/10/2010";"n. 263 del 10/11/2010";"45.8519560";"12.2507649";
"Tarzo";"Prosecco";"D. M. 15/10/2010";"n. 263 del 10/11/2010";"45.9728333";"12.2340740";
"Trevignano";"Prosecco";"D. M. 15/10/2010";"n. 263 del 10/11/2010";"45.7433793";"12.0927416";
"Treviso";"Prosecco";"D. M. 15/10/2010";"n. 263 del 10/11/2010";"45.6662855";"12.2420720";
"Valdobbiadene";"Prosecco";"D. M. 15/10/2010";"n. 263 del 10/11/2010";"45.9013332";"11.9954402";
"Vazzola";"Prosecco";"D. M. 15/10/2010";"n. 263 del 10/11/2010";"45.8427961";"12.3843074";
"Vedelago";"Prosecco";"D. M. 15/10/2010";"n. 263 del 10/11/2010";"45.6866040";"12.0179040";
"Vidor";"Prosecco";"D. M. 15/10/2010";"n. 263 del 10/11/2010";"45.8615074";"12.0387297";
"Villorba";"Prosecco";"D. M. 15/10/2010";"n. 263 del 10/11/2010";"45.7136680";"12.2600845";
"Vittorio Veneto";"Prosecco";"D. M. 15/10/2010";"n. 263 del 10/11/2010";"45.9798115";"12.3033131";
"Volpago del Montello";"Prosecco";"D. M. 15/10/2010";"n. 263 del 10/11/2010";"45.7782962";"12.1154814";
"Zenson di Piave";"Prosecco";"D. M. 15/10/2010";"n. 263 del 10/11/2010";"45.6782360";"12.4895490";
"Zero Branco";"Prosecco";"D. M. 15/10/2010";"n. 263 del 10/11/2010";"45.6026666";"12.1662592";
"Annone Veneto";"Prosecco";"D. M. 15/10/2010";"n. 263 del 10/11/2010";"45.7940990";"12.6835270";
"Campagna Lupia";"Prosecco";"D. M. 15/10/2010";"n. 263 del 10/11/2010";"45.3558240";"12.0962810";
"Campolongo Maggiore";"Prosecco";"D. M. 15/10/2010";"n. 263 del 10/11/2010";"45.3228420";"12.0450839";
"Camponogara";"Prosecco";"D. M. 15/10/2010";"n. 263 del 10/11/2010";"45.3834090";"12.0723980";
"Caorle";"Prosecco";"D. M. 15/10/2010";"n. 263 del 10/11/2010";"45.5948518";"12.8707962";
"Cavallino-Treporti";"Prosecco";"D. M. 15/10/2010";"n. 263 del 10/11/2010";"40.3136111";"182012592";
"Cavarzere";"Prosecco";"D. M. 15/10/2010";"n. 263 del 10/11/2010";"45.1345079";"12.0808623";
"Ceggia";"Prosecco";"D. M. 15/10/2010";"n. 263 del 10/11/2010";"45.6864259";"12.6392407";
"Chioggia";"Prosecco";"D. M. 15/10/2010";"n. 263 del 10/11/2010";"45.2170993";"12.2788154";
"Cinto Caomaggiore";"Prosecco";"D. M. 15/10/2010";"n. 263 del 10/11/2010";"45.8300185";"12.7836111";
"Cona";"Prosecco";"D. M. 15/10/2010";"n. 263 del 10/11/2010";"45.1858744";"12.0194535";
"Concordia Sagittaria";"Prosecco";"D. M. 15/10/2010";"n. 263 del 10/11/2010";"45.7569180";"12.8443170";
"Dolo";"Prosecco";"D. M. 15/10/2010";"n. 263 del 10/11/2010";"45.4261815";"12.0744548";
"Eraclea";"Prosecco";"D. M. 15/10/2010";"n. 263 del 10/11/2010";"45.5785804";"12.6781041";
"Fiesso d'Artico";"Prosecco";"D. M. 15/10/2010";"n. 263 del 10/11/2010";"45.4175000";"12.0347037";
"Fossalta di Piave";"Prosecco";"D. M. 15/10/2010";"n. 263 del 10/11/2010";"45.6439680";"12.5118480";
"Fossalta di Portogruaro";"Prosecco";"D. M. 15/10/2010";"n. 263 del 10/11/2010";"45.7923770";"12.9086360";
"Fossò";"Prosecco";"D. M. 15/10/2010";"n. 263 del 10/11/2010";"45.3862777";"12.0504814";
"Gruaro";"Prosecco";"D. M. 15/10/2010";"n. 263 del 10/11/2010";"45.8326666";"12.8461111";
"Jesolo";"Prosecco";"D. M. 15/10/2010";"n. 263 del 10/11/2010";"45.5365852";"12.6393309";
"Marcon";"Prosecco";"D. M. 15/10/2010";"n. 263 del 10/11/2010";"45.5615912";"12.2981034";
"Martellago";"Prosecco";"D. M. 15/10/2010";"n. 263 del 10/11/2010";"45.5460521";"12.1602063";
"Meolo";"Prosecco";"D. M. 15/10/2010";"n. 263 del 10/11/2010";"45.6201970";"12.4525790";
"Mira";"Prosecco";"D. M. 15/10/2010";"n. 263 del 10/11/2010";"45.4368092";"12.1312599";
"Mirano";"Prosecco";"D. M. 15/10/2010";"n. 263 del 10/11/2010";"45.4922312";"12.1082797";
"Musile di Piave";"Prosecco";"D. M. 15/10/2010";"n. 263 del 10/11/2010";"45.6178148";"12.5650000";
"Noale";"Prosecco";"D. M. 15/10/2010";"n. 263 del 10/11/2010";"45.5504814";"12.0722037";
"Noventa di Piave";"Prosecco";"D. M. 15/10/2010";"n. 263 del 10/11/2010";"45.6607962";"12.5347037";
"Pianiga";"Prosecco";"D. M. 15/10/2010";"n. 263 del 10/11/2010";"45.4561290";"12.0309340";
"Portogruaro";"Prosecco";"D. M. 15/10/2010";"n. 263 del 10/11/2010";"45.7750301";"12.8378287";
"Pramaggiore";"Prosecco";"D. M. 15/10/2010";"n. 263 del 10/11/2010";"45.8153148";"12.7372037";
"Quarto d'Altino";"Prosecco";"D. M. 15/10/2010";"n. 263 del 10/11/2010";"45.5787777";"12.3728333";
"Salzano";"Prosecco";"D. M. 15/10/2010";"n. 263 del 10/11/2010";"45.5209310";"12.1056333";
"San Donà di Piave";"Prosecco";"D. M. 15/10/2010";"n. 263 del 10/11/2010";"45.6319754";"12.5662747";
"San Michele al Tagliamento";"Prosecco";"D. M. 15/10/2010";"n. 263 del 10/11/2010";"45.7641516";"12.9949504";
"Santa Maria di Sala";"Prosecco";"D. M. 15/10/2010";"n. 263 del 10/11/2010";"45.5044042";"12.0350483";
"Santo Stino di Livenza";"Prosecco";"D. M. 15/10/2010";"n. 263 del 10/11/2010";"45.7315843";"12.6836963";
"Scorzè";"Prosecco";"D. M. 15/10/2010";"n. 263 del 10/11/2010";"45.5713997";"12.1079870";
"Spinea";"Prosecco";"D. M. 15/10/2010";"n. 263 del 10/11/2010";"45.4903518";"12.1681244";
"Stra";"Prosecco";"D. M. 15/10/2010";"n. 263 del 10/11/2010";"45.4061670";"12.0152170";
"Teglio Veneto";"Prosecco";"D. M. 15/10/2010";"n. 263 del 10/11/2010";"45.8154010";"12.8846050";
"Torre di Mosto";"Prosecco";"D. M. 15/10/2010";"n. 263 del 10/11/2010";"45.6861111";"12.7039074";
"Venezia";"Prosecco";"D. M. 15/10/2010";"n. 263 del 10/11/2010";"45.4343363";"12.3387844";
"Vigonovo";"Prosecco";"D. M. 15/10/2010";"n. 263 del 10/11/2010";"45.3893895";"12.0062515";
"Agugliaro";"Prosecco";"D. M. 15/10/2010";"n. 263 del 10/11/2010";"45.3264259";"11.5853333";
"Albettone";"Prosecco";"D. M. 15/10/2010";"n. 263 del 10/11/2010";"45.3578148";"11.5828148";
"Alonte";"Prosecco";"D. M. 15/10/2010";"n. 263 del 10/11/2010";"45.3668888";"11.4281296";
"Altavilla Vicentina";"Prosecco";"D. M. 15/10/2010";"n. 263 del 10/11/2010";"45.5119350";"11.4603710";
"Altissimo";"Prosecco";"D. M. 15/10/2010";"n. 263 del 10/11/2010";"45.6153968";"11.2526787";
"Arcugnano";"Prosecco";"D. M. 15/10/2010";"n. 263 del 10/11/2010";"45.4951612";"11.5514699";
"Arsiero";"Prosecco";"D. M. 15/10/2010";"n. 263 del 10/11/2010";"45.8039259";"11.3553333";
"Arzignano";"Prosecco";"D. M. 15/10/2010";"n. 263 del 10/11/2010";"45.5193876";"11.3395840";
"Asiago";"Prosecco";"D. M. 15/10/2010";"n. 263 del 10/11/2010";"45.8761111";"11.5087777";
"Asigliano Veneto";"Prosecco";"D. M. 15/10/2010";"n. 263 del 10/11/2010";"45.3056296";"11.4475185";
"Barbarano Vicentino";"Prosecco";"D. M. 15/10/2010";"n. 263 del 10/11/2010";"45.4092849";"11.5422380";
"Bassano del Grappa";"Prosecco";"D. M. 15/10/2010";"n. 263 del 10/11/2010";"45.7666080";"11.7339608";
"Bolzano Vicentino";"Prosecco";"D. M. 15/10/2010";"n. 263 del 10/11/2010";"45.6027979";"11.6231020";
"Breganze";"Prosecco";"D. M. 15/10/2010";"n. 263 del 10/11/2010";"45.7080607";"11.5647946";
"Brendola";"Prosecco";"D. M. 15/10/2010";"n. 263 del 10/11/2010";"45.4724113";"11.4461293";
"Bressanvido";"Prosecco";"D. M. 15/10/2010";"n. 263 del 10/11/2010";"45.6442671";"11.6314917";
"Brogliano";"Prosecco";"D. M. 15/10/2010";"n. 263 del 10/11/2010";"45.5890414";"11.3670530";
"Caldogno";"Prosecco";"D. M. 15/10/2010";"n. 263 del 10/11/2010";"45.6087592";"11.5039259";
"Caltrano";"Prosecco";"D. M. 15/10/2010";"n. 263 del 10/11/2010";"45.7743815";"11.4530195";
"Calvene";"Prosecco";"D. M. 15/10/2010";"n. 263 del 10/11/2010";"45.7686559";"11.5147115";
"Camisano Vicentino";"Prosecco";"D. M. 15/10/2010";"n. 263 del 10/11/2010";"45.5180370";"11.7085080";
"Campiglia dei Berici";"Prosecco";"D. M. 15/10/2010";"n. 263 del 10/11/2010";"45.3357962";"11.5434444";
"Campolongo sul Brenta";"Prosecco";"D. M. 15/10/2010";"n. 263 del 10/11/2010";"45.8281481";"11.7018888";
"Carrè";"Prosecco";"D. M. 15/10/2010";"n. 263 del 10/11/2010";"45.7498703";"11.4589259";
"Cartigliano";"Prosecco";"D. M. 15/10/2010";"n. 263 del 10/11/2010";"45.7139074";"11.6967407";
"Cassola";"Prosecco";"D. M. 15/10/2010";"n. 263 del 10/11/2010";"45.7326650";"11.7962910";
"Castegnero";"Prosecco";"D. M. 15/10/2010";"n. 263 del 10/11/2010";"45.4376803";"11.6011179";
"Castelgomberto";"Prosecco";"D. M. 15/10/2010";"n. 263 del 10/11/2010";"45.5859629";"11.3967222";
"Chiampo";"Prosecco";"D. M. 15/10/2010";"n. 263 del 10/11/2010";"45.5468888";"11.2806296";
"Chiuppano";"Prosecco";"D. M. 15/10/2010";"n. 263 del 10/11/2010";"45.7648703";"11.4628333";
"Cismon del Grappa";"Prosecco";"D. M. 15/10/2010";"n. 263 del 10/11/2010";"45.9204549";"11.7294540";
"Cogollo del Cengio";"Prosecco";"D. M. 15/10/2010";"n. 263 del 10/11/2010";"45.7837957";"11.4272728";
"Conco";"Prosecco";"D. M. 15/10/2010";"n. 263 del 10/11/2010";"45.8009444";"11.6081296";
"Cornedo Vicentino";"Prosecco";"D. M. 15/10/2010";"n. 263 del 10/11/2010";"45.6140740";"11.3417407";
"Costabissara";"Prosecco";"D. M. 15/10/2010";"n. 263 del 10/11/2010";"45.5845370";"11.4882962";
"Creazzo";"Prosecco";"D. M. 15/10/2010";"n. 263 del 10/11/2010";"45.5314910";"11.4814139";
"Crespadoro";"Prosecco";"D. M. 15/10/2010";"n. 263 del 10/11/2010";"45.6218230";"11.2262338";
"Dueville";"Prosecco";"D. M. 15/10/2010";"n. 263 del 10/11/2010";"45.6364827";"11.5493575";
"Enego";"Prosecco";"D. M. 15/10/2010";"n. 263 del 10/11/2010";"45.9425000";"11.7065740";
"Fara Vicentino";"Prosecco";"D. M. 15/10/2010";"n. 263 del 10/11/2010";"45.7403354";"11.5476577";
"Foza";"Prosecco";"D. M. 15/10/2010";"n. 263 del 10/11/2010";"45.8969980";"11.6308576";
"Gallio";"Prosecco";"D. M. 15/10/2010";"n. 263 del 10/11/2010";"45.8914260";"11.5429570";
"Gambellara";"Prosecco";"D. M. 15/10/2010";"n. 263 del 10/11/2010";"45.4607962";"11.3412777";
"Gambugliano";"Prosecco";"D. M. 15/10/2010";"n. 263 del 10/11/2010";"45.5889074";"11.4397037";
"Grancona";"Prosecco";"D. M. 15/10/2010";"n. 263 del 10/11/2010";"45.4232004";"11.4528771";
"Grisignano di Zocco";"Prosecco";"D. M. 15/10/2010";"n. 263 del 10/11/2010";"45.4759444";"11.6993888";
"Grumolo delle Abbadesse";"Prosecco";"D. M. 15/10/2010";"n. 263 del 10/11/2010";"45.5204814";"11.6593888";
"Isola Vicentina";"Prosecco";"D. M. 15/10/2010";"n. 263 del 10/11/2010";"45.6292339";"11.4437200";
"Laghi";"Prosecco";"D. M. 15/10/2010";"n. 263 del 10/11/2010";"45.8246060";"11.2719590";
"Lastebasse";"Prosecco";"D. M. 15/10/2010";"n. 263 del 10/11/2010";"45.9154620";"11.2746590";
"Longare";"Prosecco";"D. M. 15/10/2010";"n. 263 del 10/11/2010";"45.4791115";"11.6085084";
"Lonigo";"Prosecco";"D. M. 15/10/2010";"n. 263 del 10/11/2010";"45.3880142";"11.3881105";
"Lugo di Vicenza";"Prosecco";"D. M. 15/10/2010";"n. 263 del 10/11/2010";"45.7464074";"11.5298703";
"Lusiana";"Prosecco";"D. M. 15/10/2010";"n. 263 del 10/11/2010";"45.7853188";"11.5753777";
"Malo";"Prosecco";"D. M. 15/10/2010";"n. 263 del 10/11/2010";"45.6612592";"11.4086111";
"Marano Vicentino";"Prosecco";"D. M. 15/10/2010";"n. 263 del 10/11/2010";"45.6940740";"11.4284629";
"Marostica";"Prosecco";"D. M. 15/10/2010";"n. 263 del 10/11/2010";"45.7446009";"11.6554899";
"Mason Vicentino";"Prosecco";"D. M. 15/10/2010";"n. 263 del 10/11/2010";"45.7195370";"11.6078148";
"Molvena";"Prosecco";"D. M. 15/10/2010";"n. 263 del 10/11/2010";"45.7449453";"11.6147050";
"Monte di Malo";"Prosecco";"D. M. 15/10/2010";"n. 263 del 10/11/2010";"45.6620555";"11.3623518";
"Montebello Vicentino";"Prosecco";"D. M. 15/10/2010";"n. 263 del 10/11/2010";"45.4575185";"11.3845370";
"Montecchio Maggiore";"Prosecco";"D. M. 15/10/2010";"n. 263 del 10/11/2010";"45.5046910";"11.4058330";
"Montecchio Precalcino";"Prosecco";"D. M. 15/10/2010";"n. 263 del 10/11/2010";"45.6667407";"11.5647037";
"Montegalda";"Prosecco";"D. M. 15/10/2010";"n. 263 del 10/11/2010";"45.4470313";"11.6761139";
"Montegaldella";"Prosecco";"D. M. 15/10/2010";"n. 263 del 10/11/2010";"45.4370370";"11.6717407";
"Monteviale";"Prosecco";"D. M. 15/10/2010";"n. 263 del 10/11/2010";"45.5614074";"11.4590740";
"Monticello Conte Otto";"Prosecco";"D. M. 15/10/2010";"n. 263 del 10/11/2010";"45.5942609";"11.5848712";
"Montorso Vicentino";"Prosecco";"D. M. 15/10/2010";"n. 263 del 10/11/2010";"45.4918888";"11.3612592";
"Mossano";"Prosecco";"D. M. 15/10/2010";"n. 263 del 10/11/2010";"45.4194534";"11.5556874";
"Mussolente";"Prosecco";"D. M. 15/10/2010";"n. 263 del 10/11/2010";"45.7801666";"11.8073703";
"Nanto";"Prosecco";"D. M. 15/10/2010";"n. 263 del 10/11/2010";"45.4345797";"11.5780289";
"Nogarole Vicentino";"Prosecco";"D. M. 15/10/2010";"n. 263 del 10/11/2010";"45.5611045";"11.2897544";
"Nove";"Prosecco";"D. M. 15/10/2010";"n. 263 del 10/11/2010";"45.7231296";"11.6787592";
"Noventa Vicentina";"Prosecco";"D. M. 15/10/2010";"n. 263 del 10/11/2010";"45.2905680";"11.5400670";
"Orgiano";"Prosecco";"D. M. 15/10/2010";"n. 263 del 10/11/2010";"45.3489259";"11.4642407";
"Pedemonte";"Prosecco";"D. M. 15/10/2010";"n. 263 del 10/11/2010";"45.9087778";"11.3071295";
"Pianezze";"Prosecco";"D. M. 15/10/2010";"n. 263 del 10/11/2010";"45.7407962";"11.6279814";
"Piovene Rocchette";"Prosecco";"D. M. 15/10/2010";"n. 263 del 10/11/2010";"45.7586111";"11.4359444";
"Poiana Maggiore";"Prosecco";"D. M. 15/10/2010";"n. 263 del 10/11/2010";"45.2914259";"11.5036111";
"Posina";"Prosecco";"D. M. 15/10/2010";"n. 263 del 10/11/2010";"45.7916795";"11.2632067";
"Pove del Grappa";"Prosecco";"D. M. 15/10/2010";"n. 263 del 10/11/2010";"45.7992407";"11.7309444";
"Pozzoleone";"Prosecco";"D. M. 15/10/2010";"n. 263 del 10/11/2010";"45.6489001";"11.6792475";
"Quinto Vicentino";"Prosecco";"D. M. 15/10/2010";"n. 263 del 10/11/2010";"45.5733360";"11.6268790";
"Recoaro Terme";"Prosecco";"D. M. 15/10/2010";"n. 263 del 10/11/2010";"45.7051666";"11.2256481";
"Roana";"Prosecco";"D. M. 15/10/2010";"n. 263 del 10/11/2010";"45.8759927";"11.4631317";
"Romano d'Ezzelino";"Prosecco";"D. M. 15/10/2010";"n. 263 del 10/11/2010";"45.7962711";"11.7583120";
"Rosà";"Prosecco";"D. M. 15/10/2010";"n. 263 del 10/11/2010";"45.7276680";"11.7632150";
"Rossano Veneto";"Prosecco";"D. M. 15/10/2010";"n. 263 del 10/11/2010";"45.7067222";"11.8070370";
"Rotzo";"Prosecco";"D. M. 15/10/2010";"n. 263 del 10/11/2010";"45.8628148";"11.3973703";
"Salcedo";"Prosecco";"D. M. 15/10/2010";"n. 263 del 10/11/2010";"45.7578827";"11.5682402";
"San Germano dei Berici";"Prosecco";"D. M. 15/10/2010";"n. 263 del 10/11/2010";"45.4020182";"11.4706939";
"San Nazario";"Prosecco";"D. M. 15/10/2010";"n. 263 del 10/11/2010";"45.8404814";"11.6906296";
"San Pietro Mussolino";"Prosecco";"D. M. 15/10/2010";"n. 263 del 10/11/2010";"45.5864074";"11.2597037";
"San Vito di Leguzzano";"Prosecco";"D. M. 15/10/2010";"n. 263 del 10/11/2010";"45.6893110";"11.3737722";
"Sandrigo";"Prosecco";"D. M. 15/10/2010";"n. 263 del 10/11/2010";"45.6606657";"11.6031127";
"Santorso";"Prosecco";"D. M. 15/10/2010";"n. 263 del 10/11/2010";"45.7361111";"11.3928148";
"Sarcedo";"Prosecco";"D. M. 15/10/2010";"n. 263 del 10/11/2010";"45.7027760";"11.5304227";
"Sarego";"Prosecco";"D. M. 15/10/2010";"n. 263 del 10/11/2010";"45.4074536";"11.4050722";
"Schiavon";"Prosecco";"D. M. 15/10/2010";"n. 263 del 10/11/2010";"45.6973703";"11.6461111";
"Schio";"Prosecco";"D. M. 15/10/2010";"n. 263 del 10/11/2010";"45.7134629";"11.3584444";
"Solagna";"Prosecco";"D. M. 15/10/2010";"n. 263 del 10/11/2010";"45.8201666";"11.7164074";
"Sossano";"Prosecco";"D. M. 15/10/2010";"n. 263 del 10/11/2010";"45.3612592";"11.5131481";
"Sovizzo";"Prosecco";"D. M. 15/10/2010";"n. 263 del 10/11/2010";"45.5276666";"11.4472037";
"Tezze sul Brenta";"Prosecco";"D. M. 15/10/2010";"n. 263 del 10/11/2010";"45.6844897";"11.7036109";
"Thiene";"Prosecco";"D. M. 15/10/2010";"n. 263 del 10/11/2010";"45.7098703";"11.4806296";
"Tonezza del Cimone";"Prosecco";"D. M. 15/10/2010";"n. 263 del 10/11/2010";"45.8555500";"11.3471730";
"Torrebelvicino";"Prosecco";"D. M. 15/10/2010";"n. 263 del 10/11/2010";"45.7178333";"11.3206481";
"Torri di Quartesolo";"Prosecco";"D. M. 15/10/2010";"n. 263 del 10/11/2010";"45.5230872";"11.6096963";
"Trissino";"Prosecco";"D. M. 15/10/2010";"n. 263 del 10/11/2010";"45.5622037";"11.3728333";
"Valdagno";"Prosecco";"D. M. 15/10/2010";"n. 263 del 10/11/2010";"45.6501997";"11.3009245";
"Valdastico";"Prosecco";"D. M. 15/10/2010";"n. 263 del 10/11/2010";"45.8876666";"11.3626666";
"Valli del Pasubio";"Prosecco";"D. M. 15/10/2010";"n. 263 del 10/11/2010";"45.7417222";"11.2628333";
"Valstagna";"Prosecco";"D. M. 15/10/2010";"n. 263 del 10/11/2010";"45.8552730";"11.6623580";
"Velo d'Astico";"Prosecco";"D. M. 15/10/2010";"n. 263 del 10/11/2010";"45.7900493";"11.3663230";
"Vicenza";"Prosecco";"D. M. 15/10/2010";"n. 263 del 10/11/2010";"45.5459053";"11.5403070";
"Villaga";"Prosecco";"D. M. 15/10/2010";"n. 263 del 10/11/2010";"45.4033600";"11.5332522";
"Villaverla";"Prosecco";"D. M. 15/10/2010";"n. 263 del 10/11/2010";"45.6526666";"11.4884629";
"Zanè";"Prosecco";"D. M. 15/10/2010";"n. 263 del 10/11/2010";"45.7219910";"11.4563900";
"Zermeghedo";"Prosecco";"D. M. 15/10/2010";"n. 263 del 10/11/2010";"45.4759514";"11.3706459";
"Zovencedo";"Prosecco";"D. M. 15/10/2010";"n. 263 del 10/11/2010";"45.4295555";"11.5042222";
"Zugliano";"Prosecco";"D. M. 15/10/2010";"n. 263 del 10/11/2010";"45.7307962";"11.5250000";
"Campagna Lupia";"Riviera del Brenta";"D. M. 18/10/2007";"n. 251 del 27/10/2007";"45.3558240";"12.0962810";
"Campolongo Maggiore";"Riviera del Brenta";"D. M. 18/10/2007";"n. 251 del 27/10/2007";"45.3228420";"12.0450839";
"Camponogara";"Riviera del Brenta";"D. M. 18/10/2007";"n. 251 del 27/10/2007";"45.3834090";"12.0723980";
"Dolo";"Riviera del Brenta";"D. M. 18/10/2007";"n. 251 del 27/10/2007";"45.4261815";"12.0744548";
"Fiesso d'Artico";"Riviera del Brenta";"D. M. 18/10/2007";"n. 251 del 27/10/2007";"45.4175000";"12.0347037";
"Fossò";"Riviera del Brenta";"D. M. 18/10/2007";"n. 251 del 27/10/2007";"45.3862777";"12.0504814";
"Martellago";"Riviera del Brenta";"D. M. 18/10/2007";"n. 251 del 27/10/2007";"45.5460521";"12.1602063";
"Mira";"Riviera del Brenta";"D. M. 18/10/2007";"n. 251 del 27/10/2007";"45.4368092";"12.1312599";
"Mirano";"Riviera del Brenta";"D. M. 18/10/2007";"n. 251 del 27/10/2007";"45.4922312";"12.1082797";
"Noale";"Riviera del Brenta";"D. M. 18/10/2007";"n. 251 del 27/10/2007";"45.5504814";"12.0722037";
"Pianiga";"Riviera del Brenta";"D. M. 18/10/2007";"n. 251 del 27/10/2007";"45.4561290";"12.0309340";
"Salzano";"Riviera del Brenta";"D. M. 18/10/2007";"n. 251 del 27/10/2007";"45.5209310";"12.1056333";
"Santa Maria di Sala";"Riviera del Brenta";"D. M. 18/10/2007";"n. 251 del 27/10/2007";"45.5044042";"12.0350483";
"Scorzè";"Riviera del Brenta";"D. M. 18/10/2007";"n. 251 del 27/10/2007";"45.5713997";"12.1079870";
"Spinea";"Riviera del Brenta";"D. M. 18/10/2007";"n. 251 del 27/10/2007";"45.4903518";"12.1681244";
"Stra";"Riviera del Brenta";"D. M. 18/10/2007";"n. 251 del 27/10/2007";"45.4061670";"12.0152170";
"Venezia";"Riviera del Brenta";"D. M. 18/10/2007";"n. 251 del 27/10/2007";"45.4343363";"12.3387844";
"Vigonovo";"Riviera del Brenta";"D. M. 18/10/2007";"n. 251 del 27/10/2007";"45.3893895";"12.0062515";
"Borgoricco";"Riviera del Brenta";"D. M. 18/10/2007";"n. 251 del 27/10/2007";"45.5362777";"11.9422037";
"Cadoneghe";"Riviera del Brenta";"D. M. 18/10/2007";"n. 251 del 27/10/2007";"45.4481543";"11.9092375";
"Campo San Martino";"Riviera del Brenta";"D. M. 18/10/2007";"n. 251 del 27/10/2007";"45.5455848";"11.8116286";
"Campodarsego";"Riviera del Brenta";"D. M. 18/10/2007";"n. 251 del 27/10/2007";"45.5026886";"11.9075902";
"Camposampiero";"Riviera del Brenta";"D. M. 18/10/2007";"n. 251 del 27/10/2007";"45.5693888";"11.9364074";
"Curtarolo";"Riviera del Brenta";"D. M. 18/10/2007";"n. 251 del 27/10/2007";"45.5228330";"11.8323990";
"Limena";"Riviera del Brenta";"D. M. 18/10/2007";"n. 251 del 27/10/2007";"45.4732962";"11.8448703";
"Loreggia";"Riviera del Brenta";"D. M. 18/10/2007";"n. 251 del 27/10/2007";"45.5950000";"11.9462777";
"Massanzago";"Riviera del Brenta";"D. M. 18/10/2007";"n. 251 del 27/10/2007";"45.5573703";"12.0084629";
"Noventa Padovana";"Riviera del Brenta";"D. M. 18/10/2007";"n. 251 del 27/10/2007";"45.4153333";"11.9520370";
"Padova";"Riviera del Brenta";"D. M. 18/10/2007";"n. 251 del 27/10/2007";"45.4095683";"11.8765886";
"Piove di Sacco";"Riviera del Brenta";"D. M. 18/10/2007";"n. 251 del 27/10/2007";"45.2961677";"12.0348270";
"San Giorgio delle Pertiche";"Riviera del Brenta";"D. M. 18/10/2007";"n. 251 del 27/10/2007";"45.5409390";"11.9094370";
"San Giorgio in Bosco";"Riviera del Brenta";"D. M. 18/10/2007";"n. 251 del 27/10/2007";"45.5906300";"11.8066210";
"Santa Giustina in Colle";"Riviera del Brenta";"D. M. 18/10/2007";"n. 251 del 27/10/2007";"45.5632826";"11.9066793";
"Sant'Angelo di Piove di Sacco";"Riviera del Brenta";"D. M. 18/10/2007";"n. 251 del 27/10/2007";"45.3475010";"12.0021860";
"Saonara";"Riviera del Brenta";"D. M. 18/10/2007";"n. 251 del 27/10/2007";"45.3662592";"11.9859629";
"Trebaseleghe";"Riviera del Brenta";"D. M. 18/10/2007";"n. 251 del 27/10/2007";"45.5909617";"12.0506298";
"Vigodarzere";"Riviera del Brenta";"D. M. 18/10/2007";"n. 251 del 27/10/2007";"45.4605183";"11.8792907";
"Vigonza";"Riviera del Brenta";"D. M. 18/10/2007";"n. 251 del 27/10/2007";"45.4315470";"11.9670400";
"Villa del Conte";"Riviera del Brenta";"D. M. 18/10/2007";"n. 251 del 27/10/2007";"45.5835240";"11.8603960";
"Villanova di Camposampiero";"Riviera del Brenta";"D. M. 18/10/2007";"n. 251 del 27/10/2007";"45.4906233";"11.9705166";
"Soave";"Soave";"D. M. 18/11/2010";"n. 283 del 03/12/2010";"45.4220370";"11.2476666";
"Monteforte d'Alpone";"Soave";"D. M. 18/11/2010";"n. 283 del 03/12/2010";"45.4182962";"11.2848703";
"San Martino Buon Albergo";"Soave";"D. M. 18/11/2010";"n. 283 del 03/12/2010";"45.4222409";"11.0933924";
"Mezzane di Sotto";"Soave";"D. M. 18/11/2010";"n. 283 del 03/12/2010";"45.4823290";"11.1289612";
"Roncà";"Soave";"D. M. 18/11/2010";"n. 283 del 03/12/2010";"45.4790730";"11.2891270";
"Montecchia di Crosara";"Soave";"D. M. 18/11/2010";"n. 283 del 03/12/2010";"45.4854814";"11.2554814";
"San Giovanni Ilarione";"Soave";"D. M. 18/11/2010";"n. 283 del 03/12/2010";"45.5215740";"11.2373703";
"San Bonifacio";"Soave";"D. M. 18/11/2010";"n. 283 del 03/12/2010";"45.3962331";"11.2702317";
"Cazzano di Tramigna";"Soave";"D. M. 18/11/2010";"n. 283 del 03/12/2010";"45.4739960";"11.2031520";
"Cologna ai Colli";"Soave";"D. M. 18/11/2010";"n. 283 del 03/12/2010";"45.4347037";"11.1853148";
"Caldiero";"Soave";"D. M. 18/11/2010";"n. 283 del 03/12/2010";"45.4153148";"11.1784444";
"Illasi";"Soave";"D. M. 18/11/2010";"n. 283 del 03/12/2010";"45.4681296";"11.1834444";
"Lavagno";"Soave";"D. M. 18/11/2010";"n. 283 del 03/12/2010";"45.4397037";"11.1351666";
"Brentino Belluno";"Terradeiforti";"D. M. 24/05/2010";"n. 141 del 19*06/2010";"45.6583447";"10.8942082";
"Dolcè";"Terradeiforti";"D. M. 24/05/2010";"n. 141 del 19*06/2010";"45.6017407";"10.8536111";
"Rivoli Veronese";"Terradeiforti";"D. M. 24/05/2010";"n. 141 del 19*06/2010";"45.5715613";"10.8119287";
"Brentino Belluno";"Valdadige";"D. M. 07/11/2006";"n. 268 del 17/11/2006";"45.6583447";"10.8942082";
"Dolcè";"Valdadige";"D. M. 07/11/2006";"n. 268 del 17/11/2006";"45.6017407";"10.8536111";
"Rivoli Veronese";"Valdadige";"D. M. 07/11/2006";"n. 268 del 17/11/2006";"45.5715613";"10.8119287";
"Fumane";"Valpolicella";"D. M. 24/03/2010";"n 85 del 13/04/2010";"45.5406030";"10.8857600";
"Negrar";"Valpolicella";"D. M. 24/03/2010";"n 85 del 13/04/2010";"45.5306253";"10.9383009";
"Sant'Ambrogio di Valpolicella";"Valpolicella";"D. M. 24/03/2010";"n 85 del 13/04/2010";"45.5218888";"10.8373703";
"San Pietro in Cariano";"Valpolicella";"D. M. 24/03/2010";"n 85 del 13/04/2010";"45.5212592";"10.8840740";
"Dolcè";"Valpolicella";"D. M. 24/03/2010";"n 85 del 13/04/2010";"45.6017407";"10.8536111";
"Verona";"Valpolicella";"D. M. 24/03/2010";"n 85 del 13/04/2010";"45.4420061";"10.9954850";
"San Martino Buon Albergo";"Valpolicella";"D. M. 24/03/2010";"n 85 del 13/04/2010";"45.4222409";"11.0933924";
"Lavagno";"Valpolicella";"D. M. 24/03/2010";"n 85 del 13/04/2010";"45.4397037";"11.1351666";
"Mezzane di Sotto";"Valpolicella";"D. M. 24/03/2010";"n 85 del 13/04/2010";"45.4823290";"11.1289612";
"Tregnago";"Valpolicella";"D. M. 24/03/2010";"n 85 del 13/04/2010";"45.5145200";"11.1646240";
"Illasi";"Valpolicella";"D. M. 24/03/2010";"n 85 del 13/04/2010";"45.4681296";"11.1834444";
"Cologna ai Colli";"Valpolicella";"D. M. 24/03/2010";"n 85 del 13/04/2010";"45.4347037";"11.1853148";
"Cazzano di Tramigna";"Valpolicella";"D. M. 24/03/2010";"n 85 del 13/04/2010";"45.4739960";"11.2031520";
"Grezzana";"Valpolicella";"D. M. 24/03/2010";"n 85 del 13/04/2010";"45.5198110";"11.0171750";
"Pescantina";"Valpolicella";"D. M. 24/03/2010";"n 85 del 13/04/2010";"45.4827249";"10.8675485";
"Cerro Veronese";"Valpolicella";"D. M. 24/03/2010";"n 85 del 13/04/2010";"45.5754489";"11.0426787";
"San Mauro di Saline";"Valpolicella";"D. M. 24/03/2010";"n 85 del 13/04/2010";"45.5654546";"11.1128957";
"Montecchia di Crosara";"Valpolicella";"D. M. 24/03/2010";"n 85 del 13/04/2010";"45.4854814";"11.2554814";
"Fumane";"Valpolicella Ripasso";"D. M. 24/03/2010";"n 85 del 13/04/2010";"45.5406030";"10.8857600";
"Negrar";"Valpolicella Ripasso";"D. M. 24/03/2010";"n 85 del 13/04/2010";"45.5306253";"10.9383009";
"Sant'Ambrogio di Valpolicella";"Valpolicella Ripasso";"D. M. 24/03/2010";"n 85 del 13/04/2010";"45.5218888";"10.8373703";
"San Pietro in Cariano";"Valpolicella Ripasso";"D. M. 24/03/2010";"n 85 del 13/04/2010";"45.5212592";"10.8840740";
"Dolcè";"Valpolicella Ripasso";"D. M. 24/03/2010";"n 85 del 13/04/2010";"45.6017407";"10.8536111";
"Verona";"Valpolicella Ripasso";"D. M. 24/03/2010";"n 85 del 13/04/2010";"45.4420061";"10.9954850";
"San Martino Buon Albergo";"Valpolicella Ripasso";"D. M. 24/03/2010";"n 85 del 13/04/2010";"45.4222409";"11.0933924";
"Lavagno";"Valpolicella Ripasso";"D. M. 24/03/2010";"n 85 del 13/04/2010";"45.4397037";"11.1351666";
"Mezzane di Sotto";"Valpolicella Ripasso";"D. M. 24/03/2010";"n 85 del 13/04/2010";"45.4823290";"11.1289612";
"Tregnago";"Valpolicella Ripasso";"D. M. 24/03/2010";"n 85 del 13/04/2010";"45.5145200";"11.1646240";
"Illasi";"Valpolicella Ripasso";"D. M. 24/03/2010";"n 85 del 13/04/2010";"45.4681296";"11.1834444";
"Cologna ai Colli";"Valpolicella Ripasso";"D. M. 24/03/2010";"n 85 del 13/04/2010";"45.4347037";"11.1853148";
"Cazzano di Tramigna";"Valpolicella Ripasso";"D. M. 24/03/2010";"n 85 del 13/04/2010";"45.4739960";"11.2031520";
"Grezzana";"Valpolicella Ripasso";"D. M. 24/03/2010";"n 85 del 13/04/2010";"45.5198110";"11.0171750";
"Pescantina";"Valpolicella Ripasso";"D. M. 24/03/2010";"n 85 del 13/04/2010";"45.4827249";"10.8675485";
"Cerro Veronese";"Valpolicella Ripasso";"D. M. 24/03/2010";"n 85 del 13/04/2010";"45.5754489";"11.0426787";
"San Mauro di Saline";"Valpolicella Ripasso";"D. M. 24/03/2010";"n 85 del 13/04/2010";"45.5654546";"11.1128957";
"Montecchia di Crosara";"Valpolicella Ripasso";"D. M. 24/03/2010";"n 85 del 13/04/2010";"45.4854814";"11.2554814";
"Annone Veneto";"Venezia";"D. M. 22/12/2010";"n. 4 del 07/01/2011";"45.7940990";"12.6835270";
"Campagna Lupia";"Venezia";"D. M. 22/12/2010";"n. 4 del 07/01/2011";"45.3558240";"12.0962810";
"Campolongo Maggiore";"Venezia";"D. M. 22/12/2010";"n. 4 del 07/01/2011";"45.3228420";"12.0450839";
"Camponogara";"Venezia";"D. M. 22/12/2010";"n. 4 del 07/01/2011";"45.3834090";"12.0723980";
"Caorle";"Venezia";"D. M. 22/12/2010";"n. 4 del 07/01/2011";"45.5948518";"12.8707962";
"Cavallino-Treporti";"Venezia";"D. M. 22/12/2010";"n. 4 del 07/01/2011";"40.3136111";"182012592";
"Cavarzere";"Venezia";"D. M. 22/12/2010";"n. 4 del 07/01/2011";"45.1345079";"12.0808623";
"Ceggia";"Venezia";"D. M. 22/12/2010";"n. 4 del 07/01/2011";"45.6864259";"12.6392407";
"Chioggia";"Venezia";"D. M. 22/12/2010";"n. 4 del 07/01/2011";"45.2170993";"12.2788154";
"Cinto Caomaggiore";"Venezia";"D. M. 22/12/2010";"n. 4 del 07/01/2011";"45.8300185";"12.7836111";
"Cona";"Venezia";"D. M. 22/12/2010";"n. 4 del 07/01/2011";"45.1858744";"12.0194535";
"Concordia Sagittaria";"Venezia";"D. M. 22/12/2010";"n. 4 del 07/01/2011";"45.7569180";"12.8443170";
"Dolo";"Venezia";"D. M. 22/12/2010";"n. 4 del 07/01/2011";"45.4261815";"12.0744548";
"Eraclea";"Venezia";"D. M. 22/12/2010";"n. 4 del 07/01/2011";"45.5785804";"12.6781041";
"Fiesso d'Artico";"Venezia";"D. M. 22/12/2010";"n. 4 del 07/01/2011";"45.4175000";"12.0347037";
"Fossalta di Piave";"Venezia";"D. M. 22/12/2010";"n. 4 del 07/01/2011";"45.6439680";"12.5118480";
"Fossalta di Portogruaro";"Venezia";"D. M. 22/12/2010";"n. 4 del 07/01/2011";"45.7923770";"12.9086360";
"Fossò";"Venezia";"D. M. 22/12/2010";"n. 4 del 07/01/2011";"45.3862777";"12.0504814";
"Gruaro";"Venezia";"D. M. 22/12/2010";"n. 4 del 07/01/2011";"45.8326666";"12.8461111";
"Jesolo";"Venezia";"D. M. 22/12/2010";"n. 4 del 07/01/2011";"45.5365852";"12.6393309";
"Marcon";"Venezia";"D. M. 22/12/2010";"n. 4 del 07/01/2011";"45.5615912";"12.2981034";
"Martellago";"Venezia";"D. M. 22/12/2010";"n. 4 del 07/01/2011";"45.5460521";"12.1602063";
"Meolo";"Venezia";"D. M. 22/12/2010";"n. 4 del 07/01/2011";"45.6201970";"12.4525790";
"Mira";"Venezia";"D. M. 22/12/2010";"n. 4 del 07/01/2011";"45.4368092";"12.1312599";
"Mirano";"Venezia";"D. M. 22/12/2010";"n. 4 del 07/01/2011";"45.4922312";"12.1082797";
"Musile di Piave";"Venezia";"D. M. 22/12/2010";"n. 4 del 07/01/2011";"45.6178148";"12.5650000";
"Noale";"Venezia";"D. M. 22/12/2010";"n. 4 del 07/01/2011";"45.5504814";"12.0722037";
"Noventa di Piave";"Venezia";"D. M. 22/12/2010";"n. 4 del 07/01/2011";"45.6607962";"12.5347037";
"Pianiga";"Venezia";"D. M. 22/12/2010";"n. 4 del 07/01/2011";"45.4561290";"12.0309340";
"Portogruaro";"Venezia";"D. M. 22/12/2010";"n. 4 del 07/01/2011";"45.7750301";"12.8378287";
"Pramaggiore";"Venezia";"D. M. 22/12/2010";"n. 4 del 07/01/2011";"45.8153148";"12.7372037";
"Quarto d'Altino";"Venezia";"D. M. 22/12/2010";"n. 4 del 07/01/2011";"45.5787777";"12.3728333";
"Salzano";"Venezia";"D. M. 22/12/2010";"n. 4 del 07/01/2011";"45.5209310";"12.1056333";
"San Donà di Piave";"Venezia";"D. M. 22/12/2010";"n. 4 del 07/01/2011";"45.6319754";"12.5662747";
"San Michele al Tagliamento";"Venezia";"D. M. 22/12/2010";"n. 4 del 07/01/2011";"45.7641516";"12.9949504";
"Santa Maria di Sala";"Venezia";"D. M. 22/12/2010";"n. 4 del 07/01/2011";"45.5044042";"12.0350483";
"Santo Stino di Livenza";"Venezia";"D. M. 22/12/2010";"n. 4 del 07/01/2011";"45.7315843";"12.6836963";
"Scorzè";"Venezia";"D. M. 22/12/2010";"n. 4 del 07/01/2011";"45.5713997";"12.1079870";
"Spinea";"Venezia";"D. M. 22/12/2010";"n. 4 del 07/01/2011";"45.4903518";"12.1681244";
"Stra";"Venezia";"D. M. 22/12/2010";"n. 4 del 07/01/2011";"45.4061670";"12.0152170";
"Teglio Veneto";"Venezia";"D. M. 22/12/2010";"n. 4 del 07/01/2011";"45.8154010";"12.8846050";
"Torre di Mosto";"Venezia";"D. M. 22/12/2010";"n. 4 del 07/01/2011";"45.6861111";"12.7039074";
"Venezia";"Venezia";"D. M. 22/12/2010";"n. 4 del 07/01/2011";"45.4343363";"12.3387844";
"Vigonovo";"Venezia";"D. M. 22/12/2010";"n. 4 del 07/01/2011";"45.3893895";"12.0062515";
"Altivole";"Venezia";"D. M. 22/12/2010";"n. 4 del 07/01/2011";"45.7547037";"11.9573703";
"Arcade";"Venezia";"D. M. 22/12/2010";"n. 4 del 07/01/2011";"45.7845370";"12.2228333";
"Asolo";"Venezia";"D. M. 22/12/2010";"n. 4 del 07/01/2011";"45.7932962";"11.9128333";
"Borso del Grappa";"Venezia";"D. M. 22/12/2010";"n. 4 del 07/01/2011";"45.8207700";"11.7960860";
"Breda di Piave";"Venezia";"D. M. 22/12/2010";"n. 4 del 07/01/2011";"45.7248518";"12.3337777";
"Caerano di San Marco";"Venezia";"D. M. 22/12/2010";"n. 4 del 07/01/2011";"45.7862777";"12.0039259";
"Cappella Maggiore";"Venezia";"D. M. 22/12/2010";"n. 4 del 07/01/2011";"45.9781296";"12.3423518";
"Carbonera";"Venezia";"D. M. 22/12/2010";"n. 4 del 07/01/2011";"45.6845370";"12.2854814";
"Casale sul Sile";"Venezia";"D. M. 22/12/2010";"n. 4 del 07/01/2011";"45.5989259";"12.3243888";
"Casier";"Venezia";"D. M. 22/12/2010";"n. 4 del 07/01/2011";"45.6438800";"12.2957627";
"Castelcucco";"Venezia";"D. M. 22/12/2010";"n. 4 del 07/01/2011";"45.8317407";"11.8853333";
"Castelfranco Veneto";"Venezia";"D. M. 22/12/2010";"n. 4 del 07/01/2011";"45.6713166";"11.9262274";
"Castello di Godego";"Venezia";"D. M. 22/12/2010";"n. 4 del 07/01/2011";"45.6943888";"11.8779814";
"Cavaso del Tomba";"Venezia";"D. M. 22/12/2010";"n. 4 del 07/01/2011";"45.8617407";"11.8995555";
"Cessalto";"Venezia";"D. M. 22/12/2010";"n. 4 del 07/01/2011";"45.7140740";"12.6154814";
"Chiarano";"Venezia";"D. M. 22/12/2010";"n. 4 del 07/01/2011";"45.7300000";"12.5837592";
"Cimadolmo";"Venezia";"D. M. 22/12/2010";"n. 4 del 07/01/2011";"45.7845626";"12.3640065";
"Cison di Valmarino";"Venezia";"D. M. 22/12/2010";"n. 4 del 07/01/2011";"45.9673703";"12.1442407";
"Codognè";"Venezia";"D. M. 22/12/2010";"n. 4 del 07/01/2011";"45.8702109";"12.4308257";
"Colle Umberto";"Venezia";"D. M. 22/12/2010";"n. 4 del 07/01/2011";"45.9399657";"12.3399807";
"Conegliano";"Venezia";"D. M. 22/12/2010";"n. 4 del 07/01/2011";"45.8881481";"12.3050185";
"Cordignano";"Venezia";"D. M. 22/12/2010";"n. 4 del 07/01/2011";"45.9528333";"12.4148703";
"Cornuda";"Venezia";"D. M. 22/12/2010";"n. 4 del 07/01/2011";"45.8317846";"12.0080604";
"Crespano del Grappa";"Venezia";"D. M. 22/12/2010";"n. 4 del 07/01/2011";"45.8264259";"11.8348703";
"Crocetta del Montello";"Venezia";"D. M. 22/12/2010";"n. 4 del 07/01/2011";"45.8255760";"12.0356150";
"Farra di Soligo";"Venezia";"D. M. 22/12/2010";"n. 4 del 07/01/2011";"45.8963310";"12.0941930";
"Follina";"Venezia";"D. M. 22/12/2010";"n. 4 del 07/01/2011";"45.9525000";"12.1206296";
"Fontanelle";"Venezia";"D. M. 22/12/2010";"n. 4 del 07/01/2011";"45.8370555";"12.4653333";
"Fonte";"Venezia";"D. M. 22/12/2010";"n. 4 del 07/01/2011";"45.7849210";"11.8724490";
"Fregona";"Venezia";"D. M. 22/12/2010";"n. 4 del 07/01/2011";"460043888";"12.3412777";
"Gaiarine";"Venezia";"D. M. 22/12/2010";"n. 4 del 07/01/2011";"45.8795370";"12.4809629";
"Giavera del Montello";"Venezia";"D. M. 22/12/2010";"n. 4 del 07/01/2011";"45.7948518";"12.1695370";
"Godega di Sant'Urbano";"Venezia";"D. M. 22/12/2010";"n. 4 del 07/01/2011";"45.9307962";"12.3992222";
"Gorgo al Monticano";"Venezia";"D. M. 22/12/2010";"n. 4 del 07/01/2011";"45.7885424";"12.5523691";
"Istrana";"Venezia";"D. M. 22/12/2010";"n. 4 del 07/01/2011";"45.6778333";"12.1042407";
"Loria";"Venezia";"D. M. 22/12/2010";"n. 4 del 07/01/2011";"45.7309444";"11.8664074";
"Mansuè";"Venezia";"D. M. 22/12/2010";"n. 4 del 07/01/2011";"45.8232096";"12.5354700";
"Mareno di Piave";"Venezia";"D. M. 22/12/2010";"n. 4 del 07/01/2011";"45.8408790";"12.3507100";
"Maser";"Venezia";"D. M. 22/12/2010";"n. 4 del 07/01/2011";"45.8084629";"11.9761111";
"Maserada sul Piave";"Venezia";"D. M. 22/12/2010";"n. 4 del 07/01/2011";"45.7499120";"12.3200280";
"Meduna di Livenza";"Venezia";"D. M. 22/12/2010";"n. 4 del 07/01/2011";"45.8068888";"12.6148518";
"Miane";"Venezia";"D. M. 22/12/2010";"n. 4 del 07/01/2011";"45.9454624";"12.0965270";
"Mogliano Veneto";"Venezia";"D. M. 22/12/2010";"n. 4 del 07/01/2011";"45.5613413";"12.2363309";
"Monastier di Treviso";"Venezia";"D. M. 22/12/2010";"n. 4 del 07/01/2011";"45.6508720";"12.4354010";
"Monfumo";"Venezia";"D. M. 22/12/2010";"n. 4 del 07/01/2011";"45.8310911";"11.9202637";
"Montebelluna";"Venezia";"D. M. 22/12/2010";"n. 4 del 07/01/2011";"45.7775470";"12.0464467";
"Morgano";"Venezia";"D. M. 22/12/2010";"n. 4 del 07/01/2011";"45.6481871";"12.1033133";
"Moriago della Battaglia";"Venezia";"D. M. 22/12/2010";"n. 4 del 07/01/2011";"45.8710423";"12.0787482";
"Motta di Livenza";"Venezia";"D. M. 22/12/2010";"n. 4 del 07/01/2011";"45.7775000";"12.6087592";
"Nervesa della Battaglia";"Venezia";"D. M. 22/12/2010";"n. 4 del 07/01/2011";"45.8231296";"12.2059444";
"Oderzo";"Venezia";"D. M. 22/12/2010";"n. 4 del 07/01/2011";"45.7812715";"12.4936280";
"Ormelle";"Venezia";"D. M. 22/12/2010";"n. 4 del 07/01/2011";"45.7803333";"12.4231481";
"Orsago";"Venezia";"D. M. 22/12/2010";"n. 4 del 07/01/2011";"45.9306720";"12.4235730";
"Paderno del Grappa";"Venezia";"D. M. 22/12/2010";"n. 4 del 07/01/2011";"45.8294031";"11.8596419";
"Paese";"Venezia";"D. M. 22/12/2010";"n. 4 del 07/01/2011";"45.6776252";"12.1563908";
"Pederobba";"Venezia";"D. M. 22/12/2010";"n. 4 del 07/01/2011";"45.8779980";"11.9549530";
"Pieve di Soligo";"Venezia";"D. M. 22/12/2010";"n. 4 del 07/01/2011";"45.9000220";"12.1714710";
"Ponte di Piave";"Venezia";"D. M. 22/12/2010";"n. 4 del 07/01/2011";"45.7147450";"12.4645080";
"Ponzano Veneto";"Venezia";"D. M. 22/12/2010";"n. 4 del 07/01/2011";"45.7157010";"12.2026929";
"Portobuffolè";"Venezia";"D. M. 22/12/2010";"n. 4 del 07/01/2011";"45.8562355";"12.5377327";
"Possagno";"Venezia";"D. M. 22/12/2010";"n. 4 del 07/01/2011";"45.8534444";"11.8742407";
"Povegliano";"Venezia";"D. M. 22/12/2010";"n. 4 del 07/01/2011";"45.7610940";"12.2037683";
"Preganziol";"Venezia";"D. M. 22/12/2010";"n. 4 del 07/01/2011";"45.6022462";"12.2351883";
"Quinto di Treviso";"Venezia";"D. M. 22/12/2010";"n. 4 del 07/01/2011";"45.6460120";"12.1672350";
"Refrontolo";"Venezia";"D. M. 22/12/2010";"n. 4 del 07/01/2011";"45.9250185";"12.2100185";
"Resana";"Venezia";"D. M. 22/12/2010";"n. 4 del 07/01/2011";"45.6336120";"11.9555030";
"Revine Lago";"Venezia";"D. M. 22/12/2010";"n. 4 del 07/01/2011";"45.9914259";"12.2287592";
"Riese Pio X";"Venezia";"D. M. 22/12/2010";"n. 4 del 07/01/2011";"45.7300185";"11.9200000";
"Roncade";"Venezia";"D. M. 22/12/2010";"n. 4 del 07/01/2011";"45.6280609";"12.3747990";
"Salgareda";"Venezia";"D. M. 22/12/2010";"n. 4 del 07/01/2011";"45.7044850";"12.4921750";
"San Biagio di Callalta";"Venezia";"D. M. 22/12/2010";"n. 4 del 07/01/2011";"45.6854522";"12.3772170";
"San Fior";"Venezia";"D. M. 22/12/2010";"n. 4 del 07/01/2011";"45.9209530";"12.3574120";
"San Pietro di Feletto";"Venezia";"D. M. 22/12/2010";"n. 4 del 07/01/2011";"45.9163513";"12.2507734";
"San Polo di Piave";"Venezia";"D. M. 22/12/2010";"n. 4 del 07/01/2011";"45.7925185";"12.3943888";
"San Vendemiano";"Venezia";"D. M. 22/12/2010";"n. 4 del 07/01/2011";"45.8867406";"12.3516602";
"San Zenone degli Ezzelini";"Venezia";"D. M. 22/12/2010";"n. 4 del 07/01/2011";"45.7814259";"11.8382962";
"Santa Lucia di Piave";"Venezia";"D. M. 22/12/2010";"n. 4 del 07/01/2011";"45.8450590";"12.2808070";
"Sarmede";"Venezia";"D. M. 22/12/2010";"n. 4 del 07/01/2011";"45.9776666";"12.3853333";
"Segusino";"Venezia";"D. M. 22/12/2010";"n. 4 del 07/01/2011";"45.9179814";"11.9567407";
"Sernaglia della Battaglia";"Venezia";"D. M. 22/12/2010";"n. 4 del 07/01/2011";"45.8754964";"12.1316081";
"Silea";"Venezia";"D. M. 22/12/2010";"n. 4 del 07/01/2011";"45.6546710";"12.2968410";
"Spresiano";"Venezia";"D. M. 22/12/2010";"n. 4 del 07/01/2011";"45.7794590";"12.2561040";
"Susegana";"Venezia";"D. M. 22/12/2010";"n. 4 del 07/01/2011";"45.8519560";"12.2507649";
"Tarzo";"Venezia";"D. M. 22/12/2010";"n. 4 del 07/01/2011";"45.9728333";"12.2340740";
"Trevignano";"Venezia";"D. M. 22/12/2010";"n. 4 del 07/01/2011";"45.7433793";"12.0927416";
"Treviso";"Venezia";"D. M. 22/12/2010";"n. 4 del 07/01/2011";"45.6662855";"12.2420720";
"Valdobbiadene";"Venezia";"D. M. 22/12/2010";"n. 4 del 07/01/2011";"45.9013332";"11.9954402";
"Vazzola";"Venezia";"D. M. 22/12/2010";"n. 4 del 07/01/2011";"45.8427961";"12.3843074";
"Vedelago";"Venezia";"D. M. 22/12/2010";"n. 4 del 07/01/2011";"45.6866040";"12.0179040";
"Vidor";"Venezia";"D. M. 22/12/2010";"n. 4 del 07/01/2011";"45.8615074";"12.0387297";
"Villorba";"Venezia";"D. M. 22/12/2010";"n. 4 del 07/01/2011";"45.7136680";"12.2600845";
"Vittorio Veneto";"Venezia";"D. M. 22/12/2010";"n. 4 del 07/01/2011";"45.9798115";"12.3033131";
"Volpago del Montello";"Venezia";"D. M. 22/12/2010";"n. 4 del 07/01/2011";"45.7782962";"12.1154814";
"Zenson di Piave";"Venezia";"D. M. 22/12/2010";"n. 4 del 07/01/2011";"45.6782360";"12.4895490";
"Zero Branco";"Venezia";"D. M. 22/12/2010";"n. 4 del 07/01/2011";"45.6026666";"12.1662592";
"Albettone";"Vicenza";"D. M. 18/09/2000";"n. 225 del 26/09/2000";"45.3578148";"11.5828148";
"Alonte";"Vicenza";"D. M. 18/09/2000";"n. 225 del 26/09/2000";"45.3668888";"11.4281296";
"Altavilla Vicentina";"Vicenza";"D. M. 18/09/2000";"n. 225 del 26/09/2000";"45.5119350";"11.4603710";
"Arcugnano";"Vicenza";"D. M. 18/09/2000";"n. 225 del 26/09/2000";"45.4951612";"11.5514699";
"Arzignano";"Vicenza";"D. M. 18/09/2000";"n. 225 del 26/09/2000";"45.5193876";"11.3395840";
"Asigliano Veneto";"Vicenza";"D. M. 18/09/2000";"n. 225 del 26/09/2000";"45.3056296";"11.4475185";
"Barabarano Vicentino";"Vicenza";"D. M. 18/09/2000";"n. 225 del 26/09/2000";"45.4092849";"11.5422380";
"Breganze";"Vicenza";"D. M. 18/09/2000";"n. 225 del 26/09/2000";"45.7080607";"11.5647946";
"Brendola";"Vicenza";"D. M. 18/09/2000";"n. 225 del 26/09/2000";"45.4724113";"11.4461293";
"Cassola";"Vicenza";"D. M. 18/09/2000";"n. 225 del 26/09/2000";"45.7326650";"11.7962910";
"Carrè";"Vicenza";"D. M. 18/09/2000";"n. 225 del 26/09/2000";"45.7498703";"11.4589259";
"Cartigliano";"Vicenza";"D. M. 18/09/2000";"n. 225 del 26/09/2000";"45.7139074";"11.6967407";
"Castegnero";"Vicenza";"D. M. 18/09/2000";"n. 225 del 26/09/2000";"45.4376803";"11.6011179";
"Castelgomberto";"Vicenza";"D. M. 18/09/2000";"n. 225 del 26/09/2000";"45.5859629";"11.3967222";
"Chiuppano";"Vicenza";"D. M. 18/09/2000";"n. 225 del 26/09/2000";"45.7648703";"11.4628333";
"Creazzo";"Vicenza";"D. M. 18/09/2000";"n. 225 del 26/09/2000";"45.5314910";"11.4814139";
"Fara Vicentino";"Vicenza";"D. M. 18/09/2000";"n. 225 del 26/09/2000";"45.7403354";"11.5476577";
"Gambellara";"Vicenza";"D. M. 18/09/2000";"n. 225 del 26/09/2000";"45.4607962";"11.3412777";
"Gambugliano";"Vicenza";"D. M. 18/09/2000";"n. 225 del 26/09/2000";"45.5889074";"11.4397037";
"Grancona";"Vicenza";"D. M. 18/09/2000";"n. 225 del 26/09/2000";"45.4232004";"11.4528771";
"Lonigo";"Vicenza";"D. M. 18/09/2000";"n. 225 del 26/09/2000";"45.3880142";"11.3881105";
"Longare";"Vicenza";"D. M. 18/09/2000";"n. 225 del 26/09/2000";"45.4791115";"11.6085084";
"Malo";"Vicenza";"D. M. 18/09/2000";"n. 225 del 26/09/2000";"45.6612592";"11.4086111";
"Marano Vicentino";"Vicenza";"D. M. 18/09/2000";"n. 225 del 26/09/2000";"45.6940740";"11.4284629";
"Marostica";"Vicenza";"D. M. 18/09/2000";"n. 225 del 26/09/2000";"45.7446009";"11.6554899";
"Mason Vicentino";"Vicenza";"D. M. 18/09/2000";"n. 225 del 26/09/2000";"45.7195370";"11.6078148";
"Molvena";"Vicenza";"D. M. 18/09/2000";"n. 225 del 26/09/2000";"45.7449453";"11.6147050";
"Montebello Vicentino";"Vicenza";"D. M. 18/09/2000";"n. 225 del 26/09/2000";"45.4575185";"11.3845370";
"Montecchio Maggiore";"Vicenza";"D. M. 18/09/2000";"n. 225 del 26/09/2000";"45.5046910";"11.4058330";
"Montecchio Precalcino";"Vicenza";"D. M. 18/09/2000";"n. 225 del 26/09/2000";"45.6667407";"11.5647037";
"Montegalda";"Vicenza";"D. M. 18/09/2000";"n. 225 del 26/09/2000";"45.4470313";"11.6761139";
"Montegaldella";"Vicenza";"D. M. 18/09/2000";"n. 225 del 26/09/2000";"45.4370370";"11.6717407";
"Monteviale";"Vicenza";"D. M. 18/09/2000";"n. 225 del 26/09/2000";"45.5614074";"11.4590740";
"Montorso Vicentino";"Vicenza";"D. M. 18/09/2000";"n. 225 del 26/09/2000";"45.4918888";"11.3612592";
"Mossano";"Vicenza";"D. M. 18/09/2000";"n. 225 del 26/09/2000";"45.4194534";"11.5556874";
"Mussolente";"Vicenza";"D. M. 18/09/2000";"n. 225 del 26/09/2000";"45.7801666";"11.8073703";
"Nanto";"Vicenza";"D. M. 18/09/2000";"n. 225 del 26/09/2000";"45.4345797";"11.5780289";
"Nove";"Vicenza";"D. M. 18/09/2000";"n. 225 del 26/09/2000";"45.7231296";"11.6787592";
"Orgiano";"Vicenza";"D. M. 18/09/2000";"n. 225 del 26/09/2000";"45.3489259";"11.4642407";
"Pianezze";"Vicenza";"D. M. 18/09/2000";"n. 225 del 26/09/2000";"45.7407962";"11.6279814";
"Rosà";"Vicenza";"D. M. 18/09/2000";"n. 225 del 26/09/2000";"45.7276680";"11.7632150";
"Rossano Veneto";"Vicenza";"D. M. 18/09/2000";"n. 225 del 26/09/2000";"45.7067222";"11.8070370";
"Salcedo";"Vicenza";"D. M. 18/09/2000";"n. 225 del 26/09/2000";"45.7578827";"11.5682402";
"Sandrigo";"Vicenza";"D. M. 18/09/2000";"n. 225 del 26/09/2000";"45.6606657";"11.6031127";
"San Germano dei Berici";"Vicenza";"D. M. 18/09/2000";"n. 225 del 26/09/2000";"45.4020182";"11.4706939";
"San Vito di Leguzzano";"Vicenza";"D. M. 18/09/2000";"n. 225 del 26/09/2000";"45.6893110";"11.3737722";
"Sarego";"Vicenza";"D. M. 18/09/2000";"n. 225 del 26/09/2000";"45.4074536";"11.4050722";
"Sarcedo";"Vicenza";"D. M. 18/09/2000";"n. 225 del 26/09/2000";"45.7027760";"11.5304227";
"Schiavon";"Vicenza";"D. M. 18/09/2000";"n. 225 del 26/09/2000";"45.6973703";"11.6461111";
"Sossano";"Vicenza";"D. M. 18/09/2000";"n. 225 del 26/09/2000";"45.3612592";"11.5131481";
"Sovizo";"Vicenza";"D. M. 18/09/2000";"n. 225 del 26/09/2000";"45.5276666";"11.4472037";
"Tezze sul Brenta";"Vicenza";"D. M. 18/09/2000";"n. 225 del 26/09/2000";"45.6844897";"11.7036109";
"Thiene";"Vicenza";"D. M. 18/09/2000";"n. 225 del 26/09/2000";"45.7098703";"11.4806296";
"Villaga";"Vicenza";"D. M. 18/09/2000";"n. 225 del 26/09/2000";"45.4033600";"11.5332522";
"Zanè";"Vicenza";"D. M. 18/09/2000";"n. 225 del 26/09/2000";"45.7219910";"11.4563900";
"Zermienghedo";"Vicenza";"D. M. 18/09/2000";"n. 225 del 26/09/2000";"45.4759514";"11.3706459";
"Zovencedo";"Vicenza";"D. M. 18/09/2000";"n. 225 del 26/09/2000";"45.4295555";"11.5042222";
"Zugliano";"Vicenza";"D. M. 18/09/2000";"n. 225 del 26/09/2000";"45.7307962";"11.5250000";
"Agugliaro";"Vicenza";"D. M. 18/09/2000";"n. 225 del 26/09/2000";"45.3264259";"11.5853333";
"Bassano del Grappa";"Vicenza";"D. M. 18/09/2000";"n. 225 del 26/09/2000";"45.7666080";"11.7339608";
"Brogliano";"Vicenza";"D. M. 18/09/2000";"n. 225 del 26/09/2000";"45.5890414";"11.3670530";
"Caltrano";"Vicenza";"D. M. 18/09/2000";"n. 225 del 26/09/2000";"45.7743815";"11.4530195";
"Calvene";"Vicenza";"D. M. 18/09/2000";"n. 225 del 26/09/2000";"45.7686559";"11.5147115";
"Chiampo";"Vicenza";"D. M. 18/09/2000";"n. 225 del 26/09/2000";"45.5468888";"11.2806296";
"Costabissara";"Vicenza";"D. M. 18/09/2000";"n. 225 del 26/09/2000";"45.5845370";"11.4882962";
"Cogollo del Cengio";"Vicenza";"D. M. 18/09/2000";"n. 225 del 26/09/2000";"45.7837957";"11.4272728";
"Campiglia dei Berici";"Vicenza";"D. M. 18/09/2000";"n. 225 del 26/09/2000";"45.3357962";"11.5434444";
"Cornedo Vicentino";"Vicenza";"D. M. 18/09/2000";"n. 225 del 26/09/2000";"45.6140740";"11.3417407";
"Dueville";"Vicenza";"D. M. 18/09/2000";"n. 225 del 26/09/2000";"45.6364827";"11.5493575";
"Grumolo delle Abbadesse";"Vicenza";"D. M. 18/09/2000";"n. 225 del 26/09/2000";"45.5204814";"11.6593888";
"Isola Vicentina";"Vicenza";"D. M. 18/09/2000";"n. 225 del 26/09/2000";"45.6292339";"11.4437200";
"Lugo Vicentino";"Vicenza";"D. M. 18/09/2000";"n. 225 del 26/09/2000";"45.7464074";"11.5298703";
"Monte di Malo";"Vicenza";"D. M. 18/09/2000";"n. 225 del 26/09/2000";"45.6620555";"11.3623518";
"Nogarole Vicentino";"Vicenza";"D. M. 18/09/2000";"n. 225 del 26/09/2000";"45.5611045";"11.2897544";
"Piovene Rocchette";"Vicenza";"D. M. 18/09/2000";"n. 225 del 26/09/2000";"45.7586111";"11.4359444";
"Pove del Grappa";"Vicenza";"D. M. 18/09/2000";"n. 225 del 26/09/2000";"45.7992407";"11.7309444";
"Poiana Maggiore";"Vicenza";"D. M. 18/09/2000";"n. 225 del 26/09/2000";"45.2914259";"11.5036111";
"Romano d'Ezzelino";"Vicenza";"D. M. 18/09/2000";"n. 225 del 26/09/2000";"45.7962711";"11.7583120";
"Quinto Vicentino";"Vicenza";"D. M. 18/09/2000";"n. 225 del 26/09/2000";"45.5733360";"11.6268790";
"Schio";"Vicenza";"D. M. 18/09/2000";"n. 225 del 26/09/2000";"45.7134629";"11.3584444";
"Santorso";"Vicenza";"D. M. 18/09/2000";"n. 225 del 26/09/2000";"45.7361111";"11.3928148";
"Torri di Quartesolo";"Vicenza";"D. M. 18/09/2000";"n. 225 del 26/09/2000";"45.5230872";"11.6096963";
"Trissino";"Vicenza";"D. M. 18/09/2000";"n. 225 del 26/09/2000";"45.5622037";"11.3728333";
"Vicenza";"Vicenza";"D. M. 18/09/2000";"n. 225 del 26/09/2000";"45.5459053";"11.5403070";
"Villaverla";"Vicenza";"D. M. 18/09/2000";"n. 225 del 26/09/2000";"45.6526666";"11.4884629";
